{
  "feature_metrics": {
    "recomputed_har_vs_dumped_har": {
      "candidate_samples": 1584022,
      "correlation": 0.9237190776818327,
      "cosine_similarity": 0.9248413718245554,
      "max_abs_error": 6.2831854820251465,
      "mean_abs_error": 0.04537156115680854,
      "reference_samples": 1584022,
      "rmse": 0.5338658857383755,
      "samples_compared": 1584022,
      "snr_db": 8.229891414428502
    },
    "recomputed_nyquist_phase_vs_dumped": {
      "candidate_samples": 72001,
      "correlation": 0.3877978555070694,
      "cosine_similarity": 0.3642904675820915,
      "max_abs_error": 6.2831854820251465,
      "mean_abs_error": 0.997829343455631,
      "reference_samples": 72001,
      "rmse": 2.5037244944634995,
      "samples_compared": 72001,
      "snr_db": -1.0430604262204632,
      "two_pi_branch_errors": 11433,
      "wrapped_max_abs_error": 1.2625777680832013,
      "wrapped_mean_abs_error": 0.0001533062598151763
    },
    "recomputed_phase_bin_0_vs_dumped": {
      "candidate_samples": 72001,
      "correlation": 1.0,
      "cosine_similarity": 1.0,
      "max_abs_error": 0.0,
      "mean_abs_error": 0.0,
      "reference_samples": 72001,
      "rmse": 0.0,
      "samples_compared": 72001,
      "snr_db": 178.02834822703605,
      "two_pi_branch_errors": 0,
      "wrapped_max_abs_error": 0.0,
      "wrapped_mean_abs_error": 0.0
    },
    "recomputed_phase_bin_1_vs_dumped": {
      "candidate_samples": 72001,
      "correlation": 0.999999999999967,
      "cosine_similarity": 0.9999999999999324,
      "max_abs_error": 1.2040138244628906e-05,
      "mean_abs_error": 2.267281910168149e-07,
      "reference_samples": 72001,
      "rmse": 3.272111746545291e-07,
      "samples_compared": 72001,
      "snr_db": 130.97778935548968,
      "two_pi_branch_errors": 0,
      "wrapped_max_abs_error": 1.2040138244628906e-05,
      "wrapped_mean_abs_error": 2.267281910168149e-07
    },
    "recomputed_phase_bin_2_vs_dumped": {
      "candidate_samples": 72001,
      "correlation": 0.9999999999998804,
      "cosine_similarity": 0.9999999999998349,
      "max_abs_error": 0.00012421607971191406,
      "mean_abs_error": 4.0028809363799613e-07,
      "reference_samples": 72001,
      "rmse": 9.435569273100901e-07,
      "samples_compared": 72001,
      "snr_db": 125.68042246148244,
      "two_pi_branch_errors": 0,
      "wrapped_max_abs_error": 0.00012421607971191406,
      "wrapped_mean_abs_error": 4.0028809363799613e-07
    },
    "recomputed_phase_bin_3_vs_dumped": {
      "candidate_samples": 72001,
      "correlation": 0.9999999999991925,
      "cosine_similarity": 0.9999999999990543,
      "max_abs_error": 0.00013399124145507812,
      "mean_abs_error": 1.2476015312486394e-06,
      "reference_samples": 72001,
      "rmse": 2.4297231839196933e-06,
      "samples_compared": 72001,
      "snr_db": 117.42820696989892,
      "two_pi_branch_errors": 0,
      "wrapped_max_abs_error": 0.00013399124145507812,
      "wrapped_mean_abs_error": 1.2476015312486394e-06
    },
    "recomputed_phase_bin_4_vs_dumped": {
      "candidate_samples": 72001,
      "correlation": 0.9999999999801745,
      "cosine_similarity": 0.999999999980076,
      "max_abs_error": 0.0015486478805541992,
      "mean_abs_error": 4.344502016509825e-06,
      "reference_samples": 72001,
      "rmse": 1.1342812312889048e-05,
      "samples_compared": 72001,
      "snr_db": 103.99925383153911,
      "two_pi_branch_errors": 0,
      "wrapped_max_abs_error": 0.0015486478805541992,
      "wrapped_mean_abs_error": 4.344502016509825e-06
    },
    "recomputed_phase_bin_5_vs_dumped": {
      "candidate_samples": 72001,
      "correlation": 0.9999999998796184,
      "cosine_similarity": 0.9999999998792553,
      "max_abs_error": 0.00296938419342041,
      "mean_abs_error": 9.640997719757046e-06,
      "reference_samples": 72001,
      "rmse": 2.8221766139791914e-05,
      "samples_compared": 72001,
      "snr_db": 96.1631655324008,
      "two_pi_branch_errors": 0,
      "wrapped_max_abs_error": 0.00296938419342041,
      "wrapped_mean_abs_error": 9.640997719757046e-06
    },
    "recomputed_phase_bin_6_vs_dumped": {
      "candidate_samples": 72001,
      "correlation": 0.9999999997036225,
      "cosine_similarity": 0.9999999997032398,
      "max_abs_error": 0.004647970199584961,
      "mean_abs_error": 1.7314636840833154e-05,
      "reference_samples": 72001,
      "rmse": 4.463616408186601e-05,
      "samples_compared": 72001,
      "snr_db": 92.16298943857622,
      "two_pi_branch_errors": 0,
      "wrapped_max_abs_error": 0.004647970199584961,
      "wrapped_mean_abs_error": 1.7314636840833154e-05
    },
    "recomputed_phase_bin_7_vs_dumped": {
      "candidate_samples": 72001,
      "correlation": 0.9998331344295018,
      "cosine_similarity": 0.9998331299456064,
      "max_abs_error": 6.283181428909302,
      "mean_abs_error": 0.00018833514728933836,
      "reference_samples": 72001,
      "rmse": 0.033114959921143224,
      "samples_compared": 72001,
      "snr_db": 34.765905506595075,
      "two_pi_branch_errors": 2,
      "wrapped_max_abs_error": 0.005915641784667969,
      "wrapped_mean_abs_error": 1.3806073525389495e-05
    },
    "recomputed_phase_bin_8_vs_dumped": {
      "candidate_samples": 72001,
      "correlation": 0.9999999997247184,
      "cosine_similarity": 0.9999999997240508,
      "max_abs_error": 0.0032711029052734375,
      "mean_abs_error": 1.6616153240904153e-05,
      "reference_samples": 72001,
      "rmse": 4.2678311532432786e-05,
      "samples_compared": 72001,
      "snr_db": 92.56775227971943,
      "two_pi_branch_errors": 0,
      "wrapped_max_abs_error": 0.0032711029052734375,
      "wrapped_mean_abs_error": 1.6616153240904153e-05
    },
    "recomputed_phase_bin_9_vs_dumped": {
      "candidate_samples": 72001,
      "correlation": 0.9999187760577681,
      "cosine_similarity": 0.9999187779603591,
      "max_abs_error": 6.2831339836120605,
      "mean_abs_error": 0.00010636417742244482,
      "reference_samples": 72001,
      "rmse": 0.023415753711002702,
      "samples_compared": 72001,
      "snr_db": 37.89294921982183,
      "two_pi_branch_errors": 1,
      "wrapped_max_abs_error": 0.005176544189453125,
      "wrapped_mean_abs_error": 1.9100352474950553e-05
    }
  },
  "manifest_metadata": {
    "bucket_seconds": 15,
    "canonical_duration_s": 13.9,
    "decoder_frame_count": 600,
    "duration_model": "exact_t219",
    "duration_model_allows_padding": false,
    "duration_token_length": 219,
    "executable": "kokoro-bench",
    "full_f0_len": 1200,
    "har_expected_time": 144001,
    "hnsf_reference_command": "uv run --no-sync python scripts/validate_hnsf_swift.py generate",
    "input_key": "15s",
    "natural_frames": 556,
    "num_tokens": 219,
    "observed_audio_duration_s": 13.9,
    "producer": "swift",
    "seed": 42,
    "speed": 1,
    "t_frames": 600,
    "text": "The ancient lighthouse stood alone on the rocky cliff, its beam sweeping across dark waters with the patience of centuries. Ships had come and gone, storms had battered its walls, yet still it turned, guiding sailors home.",
    "trim_len": 333600,
    "voice": "af_heart",
    "x_pre_expected_time": 1200
  },
  "nyquist_bin": 10,
  "nyquist_har_channel": 21,
  "pad_har_to": 144001,
  "tensor_dump": "outputs/generator_isolation/dumps/15s",
  "waveform_metrics_vs_dump": {
    "dumped_har": {
      "candidate_samples": 360000,
      "correlation": 0.9836370676755353,
      "cosine_similarity": 0.9854979446309049,
      "max_abs_error": 0.3584645390510559,
      "mean_abs_error": 0.0011025579598964174,
      "reference_samples": 333600,
      "rmse": 0.010095072251107787,
      "samples_compared": 333600,
      "snr_db": 15.27090198398903
    },
    "dumped_har_mean_nyquist": {
      "candidate_samples": 360000,
      "correlation": 0.9823427504084038,
      "cosine_similarity": 0.9843531088248907,
      "max_abs_error": 0.356548547744751,