{
  "feature_metrics": {
    "recomputed_har_vs_dumped_har": {
      "candidate_samples": 1056022,
      "correlation": 0.9236539272506276,
      "cosine_similarity": 0.9247662933871653,
      "max_abs_error": 6.2831854820251465,
      "mean_abs_error": 0.0454467458489102,
      "reference_samples": 1056022,
      "rmse": 0.5343151489386936,
      "samples_compared": 1056022,
      "snr_db": 8.225554661828609
    },
    "recomputed_nyquist_phase_vs_dumped": {
      "candidate_samples": 48001,
      "correlation": 0.3874490639310962,
      "cosine_similarity": 0.36376831091045964,
      "max_abs_error": 6.2831854820251465,
      "mean_abs_error": 0.9996136104107506,
      "reference_samples": 48001,
      "rmse": 2.50599610152784,
      "samples_compared": 48001,
      "snr_db": -1.0466290576770219,
      "two_pi_branch_errors": 7636,
      "wrapped_max_abs_error": 0.24660432323535098,
      "wrapped_mean_abs_error": 0.00011885894612623642
    },
    "recomputed_phase_bin_0_vs_dumped": {
      "candidate_samples": 48001,
      "correlation": 1.0,
      "cosine_similarity": 1.0000000000000002,
      "max_abs_error": 0.0,
      "mean_abs_error": 0.0,
      "reference_samples": 48001,
      "rmse": 0.0,
      "samples_compared": 48001,
      "snr_db": 176.26027563562243,
      "two_pi_branch_errors": 0,
      "wrapped_max_abs_error": 0.0,
      "wrapped_mean_abs_error": 0.0
    },
    "recomputed_phase_bin_1_vs_dumped": {
      "candidate_samples": 48001,
      "correlation": 0.9999999999999568,
      "cosine_similarity": 0.9999999999999283,
      "max_abs_error": 2.4557113647460938e-05,
      "mean_abs_error": 2.2854706613094882e-07,
      "reference_samples": 48001,
      "rmse": 3.703228507153968e-07,
      "samples_compared": 48001,
      "snr_db": 129.92686319132554,
      "two_pi_branch_errors": 0,
      "wrapped_max_abs_error": 2.4557113647460938e-05,
      "wrapped_mean_abs_error": 2.2854706613094882e-07
    },
    "recomputed_phase_bin_2_vs_dumped": {
      "candidate_samples": 48001,
      "correlation": 0.999999999999849,
      "cosine_similarity": 0.9999999999998038,
      "max_abs_error": 9.417533874511719e-05,
      "mean_abs_error": 3.917969175732765e-07,
      "reference_samples": 48001,
      "rmse": 1.047253208380999e-06,
      "samples_compared": 48001,
      "snr_db": 124.77608930257145,
      "two_pi_branch_errors": 0,
      "wrapped_max_abs_error": 9.417533874511719e-05,
      "wrapped_mean_abs_error": 3.917969175732765e-07
    },
    "recomputed_phase_bin_3_vs_dumped": {
      "candidate_samples": 48001,
      "correlation": 0.9999999999983376,
      "cosine_similarity": 0.9999999999982078,
      "max_abs_error": 0.0004895925521850586,
      "mean_abs_error": 1.325031545176764e-06,
      "reference_samples": 48001,
      "rmse": 3.392775748434034e-06,
      "samples_compared": 48001,
      "snr_db": 114.53000792726145,
      "two_pi_branch_errors": 0,
      "wrapped_max_abs_error": 0.0004895925521850586,
      "wrapped_mean_abs_error": 1.325031545176764e-06
    },
    "recomputed_phase_bin_4_vs_dumped": {
      "candidate_samples": 48001,
      "correlation": 0.9999999999870016,
      "cosine_similarity": 0.9999999999869317,
      "max_abs_error": 0.0005792677402496338,
      "mean_abs_error": 4.325644929927381e-06,
      "reference_samples": 48001,
      "rmse": 9.210923633216629e-06,
      "samples_compared": 48001,
      "snr_db": 105.82735164503534,
      "two_pi_branch_errors": 0,
      "wrapped_max_abs_error": 0.0005792677402496338,
      "wrapped_mean_abs_error": 4.325644929927381e-06
    },
    "recomputed_phase_bin_5_vs_dumped": {
      "candidate_samples": 48001,
      "correlation": 0.9998750902160178,
      "cosine_similarity": 0.9998750892207724,
      "max_abs_error": 6.283167600631714,
      "mean_abs_error": 0.00014052153427078178,
      "reference_samples": 48001,
      "rmse": 0.02867831956086497,
      "samples_compared": 48001,
      "snr_db": 36.02370319756081,
      "two_pi_branch_errors": 1,
      "wrapped_max_abs_error": 0.0020461082458496094,
      "wrapped_mean_abs_error": 9.625305148808474e-06
    },
    "recomputed_phase_bin_6_vs_dumped": {
      "candidate_samples": 48001,
      "correlation": 0.9999999994874978,
      "cosine_similarity": 0.9999999994870566,
      "max_abs_error": 0.008984565734863281,
      "mean_abs_error": 1.7592811401362932e-05,
      "reference_samples": 48001,
      "rmse": 5.847526960671494e-05,
      "samples_compared": 48001,
      "snr_db": 89.83144757348497,
      "two_pi_branch_errors": 0,
      "wrapped_max_abs_error": 0.008984565734863281,
      "wrapped_mean_abs_error": 1.7592811401362932e-05
    },
    "recomputed_phase_bin_7_vs_dumped": {
      "candidate_samples": 48001,
      "correlation": 0.999999998681807,
      "cosine_similarity": 0.9999999986817718,
      "max_abs_error": 0.01870417594909668,
      "mean_abs_error": 1.4096426541321378e-05,
      "reference_samples": 48001,
      "rmse": 9.308777057415446e-05,
      "samples_compared": 48001,
      "snr_db": 85.77877234372083,
      "two_pi_branch_errors": 0,
      "wrapped_max_abs_error": 0.01870417594909668,
      "wrapped_mean_abs_error": 1.4096426541321378e-05
    },
    "recomputed_phase_bin_8_vs_dumped": {
      "candidate_samples": 48001,
      "correlation": 0.9999999997875437,
      "cosine_similarity": 0.9999999997868422,
      "max_abs_error": 0.0019515454769134521,
      "mean_abs_error": 1.619699381370702e-05,
      "reference_samples": 48001,
      "rmse": 3.755241891273167e-05,
      "samples_compared": 48001,
      "snr_db": 93.68782089103611,
      "two_pi_branch_errors": 0,
      "wrapped_max_abs_error": 0.0019515454769134521,
      "wrapped_mean_abs_error": 1.619699381370702e-05
    },
    "recomputed_phase_bin_9_vs_dumped": {
      "candidate_samples": 48001,
      "correlation": 0.9999999994134621,
      "cosine_similarity": 0.9999999994118398,
      "max_abs_error": 0.006302356719970703,
      "mean_abs_error": 1.960761346915277e-05,
      "reference_samples": 48001,
      "rmse": 6.324750689396063e-05,
      "samples_compared": 48001,
      "snr_db": 89.26410734266499,
      "two_pi_branch_errors": 0,
      "wrapped_max_abs_error": 0.006302356719970703,
      "wrapped_mean_abs_error": 1.960761346915277e-05
    }
  },
  "manifest_metadata": {
    "bucket_seconds": 10,
    "canonical_duration_s": 9.625,
    "decoder_frame_count": 400,
    "duration_model": "exact_t156",
    "duration_model_allows_padding": false,
    "duration_token_length": 156,
    "executable": "kokoro-bench",
    "full_f0_len": 800,
    "har_expected_time": 96001,
    "hnsf_reference_command": "uv run --no-sync python scripts/validate_hnsf_swift.py generate",
    "input_key": "10s",
    "natural_frames": 384,
    "num_tokens": 156,
    "observed_audio_duration_s": 9.6,
    "producer": "swift",
    "seed": 42,
    "speed": 1,
    "t_frames": 400,
    "text": "At the edge of the harbor, the engineer watched the status display while the model warmed, measured, and returned clean audio before the next request arrived.",
    "trim_len": 230400,
    "voice": "af_heart",
    "x_pre_expected_time": 800
  },
  "nyquist_bin": 10,
  "nyquist_har_channel": 21,
  "pad_har_to": 96001,
  "reference_waveform_key": "waveform_raw_trimmed",
  "tensor_dump": "outputs/generator_isolation/dumps/10s",
  "waveform_metrics_vs_dump": {
    "dumped_har": {
      "candidate_samples": 240000,
      "correlation": 0.9999943787334382,
      "cosine_similarity": 0.9999950472771804,
      "max_abs_error": 0.0032089799642562866,
      "mean_abs_error": 0.00010666136951549467,
      "reference_samples": 230400,
      "rmse": 0.00018691946246698766,
      "samples_compared": 230400,
      "snr_db": 49.94667741705086
    },
    "dumped_har_mean_nyquist": {
      "candidate_samples": 240000,
      "correlation": 0.9988109298645776,
      "cosine_similarity": 0.9989527051458946,
      "max_abs_error": 0.06412407383322716,