{
  "feature_metrics": {
    "recomputed_har_vs_dumped_har": {
      "candidate_samples": 3168022,
      "correlation": 0.9230319028552378,
      "cosine_similarity": 0.9241726111592394,
      "max_abs_error": 6.2831854820251465,
      "mean_abs_error": 0.04578185840679881,
      "reference_samples": 3168022,
      "rmse": 0.5362753950471812,
      "samples_compared": 3168022,
      "snr_db": 8.191421093961022
    },
    "recomputed_nyquist_phase_vs_dumped": {
      "candidate_samples": 144001,
      "correlation": 0.38140444786880306,
      "cosine_similarity": 0.359128806454124,
      "max_abs_error": 6.2831854820251465,
      "mean_abs_error": 1.0070286711991783,
      "reference_samples": 144001,
      "rmse": 2.5152455685371136,
      "samples_compared": 144001,
      "snr_db": -1.0781602708819862,
      "two_pi_branch_errors": 23077,
      "wrapped_max_abs_error": 1.184031957939657,
      "wrapped_mean_abs_error": 0.00014592526174004363
    },
    "recomputed_phase_bin_0_vs_dumped": {
      "candidate_samples": 144001,
      "correlation": 1.0,
      "cosine_similarity": 1.0,
      "max_abs_error": 0.0,
      "mean_abs_error": 0.0,
      "reference_samples": 144001,
      "rmse": 0.0,
      "samples_compared": 144001,
      "snr_db": 181.02340211454003,
      "two_pi_branch_errors": 0,
      "wrapped_max_abs_error": 0.0,
      "wrapped_mean_abs_error": 0.0
    },
    "recomputed_phase_bin_1_vs_dumped": {
      "candidate_samples": 144001,
      "correlation": 0.9999999999999645,
      "cosine_similarity": 0.9999999999999155,
      "max_abs_error": 1.5497207641601562e-05,
      "mean_abs_error": 2.2755186108935157e-07,
      "reference_samples": 144001,
      "rmse": 3.364438753894132e-07,
      "samples_compared": 144001,
      "snr_db": 130.80709890307253,
      "two_pi_branch_errors": 0,
      "wrapped_max_abs_error": 1.5497207641601562e-05,
      "wrapped_mean_abs_error": 2.2755186108935157e-07
    },
    "recomputed_phase_bin_2_vs_dumped": {
      "candidate_samples": 144001,
      "correlation": 0.9999999999998563,
      "cosine_similarity": 0.9999999999997862,
      "max_abs_error": 0.00013899803161621094,
      "mean_abs_error": 3.921833408315083e-07,
      "reference_samples": 144001,
      "rmse": 1.0246276537680015e-06,
      "samples_compared": 144001,
      "snr_db": 124.9647031445005,
      "two_pi_branch_errors": 0,
      "wrapped_max_abs_error": 0.00013899803161621094,
      "wrapped_mean_abs_error": 3.921833408315083e-07
    },
    "recomputed_phase_bin_3_vs_dumped": {
      "candidate_samples": 144001,
      "correlation": 0.9999999999986212,
      "cosine_similarity": 0.9999999999984498,
      "max_abs_error": 0.0006566047668457031,
      "mean_abs_error": 1.3147227324409564e-06,
      "reference_samples": 144001,
      "rmse": 3.1045861724929733e-06,
      "samples_compared": 144001,
      "snr_db": 115.28362425799867,
      "two_pi_branch_errors": 0,
      "wrapped_max_abs_error": 0.0006566047668457031,
      "wrapped_mean_abs_error": 1.3147227324409564e-06
    },
    "recomputed_phase_bin_4_vs_dumped": {
      "candidate_samples": 144001,
      "correlation": 0.9999999999799734,
      "cosine_similarity": 0.999999999979855,
      "max_abs_error": 0.0016798973083496094,
      "mean_abs_error": 4.44126645619519e-06,
      "reference_samples": 144001,
      "rmse": 1.1429862979991912e-05,
      "samples_compared": 144001,
      "snr_db": 103.95796445567183,
      "two_pi_branch_errors": 0,
      "wrapped_max_abs_error": 0.0016798973083496094,
      "wrapped_mean_abs_error": 4.44126645619519e-06
    },
    "recomputed_phase_bin_5_vs_dumped": {
      "candidate_samples": 144001,
      "correlation": 0.9999582713470531,
      "cosine_similarity": 0.9999582716156405,
      "max_abs_error": 6.283164978027344,
      "mean_abs_error": 5.3489290789430874e-05,
      "reference_samples": 144001,
      "rmse": 0.016557566380547315,
      "samples_compared": 144001,
      "snr_db": 40.785386941043946,
      "two_pi_branch_errors": 1,
      "wrapped_max_abs_error": 0.006927847862243652,
      "wrapped_mean_abs_error": 9.856644843395073e-06
    },
    "recomputed_phase_bin_6_vs_dumped": {
      "candidate_samples": 144001,
      "correlation": 0.9999999987094278,
      "cosine_similarity": 0.9999999987091028,
      "max_abs_error": 0.02475142478942871,
      "mean_abs_error": 1.79028873324443e-05,
      "reference_samples": 144001,
      "rmse": 9.234019632541021e-05,
      "samples_compared": 144001,
      "snr_db": 85.85733618345436,
      "two_pi_branch_errors": 0,
      "wrapped_max_abs_error": 0.02475142478942871,
      "wrapped_mean_abs_error": 1.79028873324443e-05
    },
    "recomputed_phase_bin_7_vs_dumped": {
      "candidate_samples": 144001,
      "correlation": 0.9999999998149013,
      "cosine_similarity": 0.9999999998148361,
      "max_abs_error": 0.002523064613342285,
      "mean_abs_error": 1.3825117567943839e-05,
      "reference_samples": 144001,
      "rmse": 3.518221536471915e-05,
      "samples_compared": 144001,
      "snr_db": 94.24017100948596,
      "two_pi_branch_errors": 0,
      "wrapped_max_abs_error": 0.002523064613342285,
      "wrapped_mean_abs_error": 1.3825117567943839e-05
    },
    "recomputed_phase_bin_8_vs_dumped": {
      "candidate_samples": 144001,
      "correlation": 0.999958365776464,
      "cosine_similarity": 0.9999583679883145,
      "max_abs_error": 6.283090114593506,
      "mean_abs_error": 6.032746559357258e-05,
      "reference_samples": 144001,
      "rmse": 0.016557389493375752,
      "samples_compared": 144001,
      "snr_db": 40.79543233160909,
      "two_pi_branch_errors": 1,
      "wrapped_max_abs_error": 0.0031910240650177,
      "wrapped_mean_abs_error": 1.6695859410230625e-05
    },
    "recomputed_phase_bin_9_vs_dumped": {
      "candidate_samples": 144001,
      "correlation": 0.9999999992315192,
      "cosine_similarity": 0.999999999229888,
      "max_abs_error": 0.011708378791809082,
      "mean_abs_error": 1.978070447252253e-05,
      "reference_samples": 144001,
      "rmse": 7.227285025687446e-05,
      "samples_compared": 144001,
      "snr_db": 88.09962170859899,
      "two_pi_branch_errors": 0,
      "wrapped_max_abs_error": 0.011708378791809082,
      "wrapped_mean_abs_error": 1.978070447252253e-05
    }
  },
  "manifest_metadata": {
    "bucket_seconds": 30,
    "canonical_duration_s": 27.375,
    "decoder_frame_count": 1200,
    "duration_model": "exact_t476",
    "duration_model_allows_padding": false,
    "duration_token_length": 476,
    "executable": "kokoro-bench",
    "full_f0_len": 2400,
    "har_expected_time": 288001,
    "hnsf_reference_command": "uv run --no-sync python scripts/validate_hnsf_swift.py generate",
    "input_key": "30s",
    "natural_frames": 1095,
    "num_tokens": 476,
    "observed_audio_duration_s": 27.375,
    "producer": "swift",
    "seed": 42,
    "speed": 1,
    "t_frames": 1200,
    "text": "When the last train departed that evening, the platform fell silent. The old stationmaster locked the ticket office with trembling hands, running his fingers along the worn counter where countless journeys had begun. Outside, autumn wind scattered golden leaves across the empty tracks. He had spent forty years here, watching the world rush past in a blur of faces and farewells. The station would stand a while longer, its clock still ticking, its roof sheltering the pigeons.",
    "trim_len": 657000,
    "voice": "af_heart",
    "x_pre_expected_time": 2400
  },
  "nyquist_bin": 10,
  "nyquist_har_channel": 21,
  "pad_har_to": null,
  "tensor_dump": "outputs/generator_isolation/dumps/30s",
  "waveform_metrics_vs_dump": {
    "dumped_har": {
      "candidate_samples": 720000,
      "correlation": 0.9673994211758045,
      "cosine_similarity": 0.9711966693719731,
      "max_abs_error": 0.46380528807640076,
      "mean_abs_error": 0.0054439747038160765,
      "reference_samples": 657000,
      "rmse": 0.0142397917186551,