{
  "benchmark": {
    "compute_units": "cpuAndGPU",
    "first_predict_ms": {
      "fused": 216.9129999820143,
      "style_specialized": 135.51183405797929
    },
    "iterations": 10,
    "metrics": {
      "fused_vs_dump_full": {
        "candidate_samples": 168000,
        "correlation": 1.0,
        "cosine_similarity": 1.0000000000000002,
        "max_abs_error": 0.0,
        "mean_abs_error": 0.0,
        "reference_samples": 168000,
        "rmse": 0.0,
        "samples_compared": 168000,
        "snr_db": 147.03630564307554
      },
      "fused_vs_dump_trimmed": {
        "candidate_samples": 162000,
        "correlation": 0.9999999953928623,
        "cosine_similarity": 0.9999999959318236,
        "max_abs_error": 0.0005974769592285156,
        "mean_abs_error": 9.799649011460533e-08,
        "reference_samples": 162000,
        "rmse": 5.038162983951974e-06,
        "samples_compared": 162000,
        "snr_db": 80.89569962682444
      },
      "style_vs_dump_full": {
        "candidate_samples": 168000,
        "correlation": 0.9999951598849657,
        "cosine_similarity": 0.9999957071018545,
        "max_abs_error": 0.00213623046875,
        "mean_abs_error": 8.121936236109052e-05,
        "reference_samples": 168000,
        "rmse": 0.00016089045197012974,
        "samples_compared": 168000,
        "snr_db": 50.65260739090785
      },
      "style_vs_dump_trimmed": {
        "candidate_samples": 162000,
        "correlation": 0.9999951328693236,
        "cosine_similarity": 0.999995703083663,
        "max_abs_error": 0.00213623046875,
        "mean_abs_error": 8.428020339014605e-05,
        "reference_samples": 162000,
        "rmse": 0.0001639191331150449,
        "samples_compared": 162000,
        "snr_db": 50.64855196449165
      },
      "style_vs_fused_full": {
        "candidate_samples": 168000,
        "correlation": 0.9999951598849657,
        "cosine_similarity": 0.9999957071018545,
        "max_abs_error": 0.00213623046875,
        "mean_abs_error": 8.121936236109052e-05,
        "reference_samples": 168000,
        "rmse": 0.00016089045197012974,
        "samples_compared": 168000,
        "snr_db": 50.65260739090785
      },
      "style_vs_fused_trimmed": {
        "candidate_samples": 162000,
        "correlation": 0.9999951374678322,
        "cosine_similarity": 0.9999957071292754,
        "max_abs_error": 0.00213623046875,
        "mean_abs_error": 8.418321131188192e-05,
        "reference_samples": 162000,
        "rmse": 0.00016384209855953053,
        "samples_compared": 162000,
        "snr_db": 50.65263493334741
      }
    },
    "speedup_vs_fused_pct": -0.4993098986403213,
    "warm_predict_median_ms": {
      "fused": 63.87145846383646,
      "style_specialized": 64.19037497835234
    },
    "warm_predict_times_ms": {
      "fused": [
        64.22183406539261,
        63.17191605921835,
        67.52245896495879,
        63.82012506946921,
        64.60116698872298,
        63.35149996448308,
        63.859791960567236,
        63.88312496710569,
        65.36608305759728,
        63.65933397319168
      ],
      "style_specialized": [
        63.892959035001695,
        62.7202910836786,
        65.34208403900266,
        63.98533296305686,
        64.39541699364781,
        63.484500045888126,
        61.24258297495544,
        66.8299999088049,
        64.48841607198119,
        66.69845804572105
      ]
    },
    "warmup": 3
  },
  "export": {
    "frozen_adain_count": 48,
    "har_shape": [
      1,
      22,
      67201
    ],
    "package": "outputs/generator_style_specialization/7s/kokoro_generator_style_specialized_7s.mlpackage",
    "precision": "fp16",
    "removed_dropouts": 0,
    "traced_samples": 168000,
    "x_pre_shape": [
      1,
      512,
      560
    ]
  },
  "fused_package": "coreml/kokoro_decoder_har_post_7s.mlpackage",
  "manifest_metadata": {
    "bucket_seconds": 7,
    "canonical_duration_s": 6.75,
    "decoder_frame_count": 280,
    "duration_model": "padded_t128",
    "duration_model_allows_padding": true,
    "duration_token_length": 128,
    "executable": "kokoro-bench",
    "full_f0_len": 560,
    "har_expected_time": 67201,
    "hnsf_reference_command": "uv run --no-sync python scripts/validate_hnsf_swift.py generate",
    "input_key": "7s",
    "natural_frames": 270,
    "num_tokens": 105,
    "observed_audio_duration_s": 6.75,
    "producer": "swift",
    "seed": 42,
    "speed": 1,
    "t_frames": 280,
    "text": "The morning sun cast long shadows across the garden as birds began their chorus in the ancient oak tree.",
    "trim_len": 162000,
    "voice": "af_heart",
    "x_pre_expected_time": 560
  },
  "passes": true,
  "report": "outputs/generator_style_specialization/7s/report.json",
  "style_package": "outputs/generator_style_specialization/7s/kokoro_generator_style_specialized_7s.mlpackage",
  "tensor_dump": "outputs/generator_isolation/dumps/7s",
  "thresholds": {
    "max_abs_error": 0.01,
    "min_corr": 0.99,
    "min_snr": 35.0
  }
}
