{
  "input_text": "Hello Matt, this is Kokoro running on Apple Neural Engine.",
  "bucket_seconds": 5,
  "model": "KokoroDecoder_HAR_5s.mlpackage",
  "sample_rate": 24000,
  "mel_params": {
    "n_mels": 80,
    "hop_length": 300,
    "n_fft": 1024,
    "fmin": 0,
    "fmax": 12000
  },
  "latency_seconds": {
    "pre_decoder": 0.317241907119751,
    "coreml_inference": 0.6346580982208252,
    "total": 0.9519000053405762
  },
  "artifacts": {
    "wav": "20250826_121418.wav",
    "png": "20250826_121418.png",
    "csv": "20250826_121418.csv"
  }
}