{
  "benchmark": {
    "body_compute_units": "cpuAndGPU",
    "decoder_pre_compute_units": "cpuAndNeuralEngine",
    "first_predict_ms": {
      "baseline_decoder_pre": 6.915750000000109,
      "baseline_generator": 189.05316699999997,
      "baseline_total": 195.9689170000001,
      "candidate_body": 1153.22,
      "candidate_noise": 1766.4814999999999,
      "candidate_tail": 7.957333000000233,
      "candidate_total": 2927.6588330000004
    },
    "fused_compute_units": "cpuAndGPU",
    "iterations": 9,
    "metrics": {
      "baseline_vs_dump_trimmed": {
        "candidate_samples": 67200,
        "correlation": 0.9999918876365191,
        "cosine_similarity": 0.9999926563624634,
        "max_abs_error": 0.012786865234375,
        "mean_abs_error": 7.335753874210397e-05,
        "reference_samples": 67200,
        "rmse": 0.00020750416129297413,
        "samples_compared": 67200,
        "snr_db": 48.33014870446093
      },
      "candidate_vs_baseline_trimmed": {
        "candidate_samples": 67200,
        "correlation": 0.9318147343402993,
        "cosine_similarity": 0.9384801548104795,
        "max_abs_error": 0.23767905682325363,
        "mean_abs_error": 0.008583097874878029,
        "reference_samples": 67200,
        "rmse": 0.018802642936540468,
        "samples_compared": 67200,
        "snr_db": 9.186583859955618
      },
      "candidate_vs_dump_trimmed": {
        "candidate_samples": 67200,
        "correlation": 0.9318823137193775,
        "cosine_similarity": 0.938537188391167,
        "max_abs_error": 0.23767905682325363,
        "mean_abs_error": 0.008585590929338253,
        "reference_samples": 67200,
        "rmse": 0.018793858260593297,
        "samples_compared": 67200,
        "snr_db": 9.190365972247054
      }
    },
    "noise_compute_units": "all",
    "tail_compute_units": "all",
    "toolchain": {
      "coremltools": "9.0",
      "numpy": "2.0.2",
      "torch": null
    },
    "warm_predict_median_ms": {
      "baseline_decoder_pre": 2.7997079999995123,
      "baseline_generator": 120.72400000000094,
      "baseline_total": 123.52900099999964,
      "candidate_body": 83.83316699999988,
      "candidate_noise": 27.604249999999553,
      "candidate_tail": 2.0495829999997994,
      "candidate_total": 113.40458299999945
    },
    "warm_predict_times_ms": {
      "baseline_decoder_pre": [
        2.7997079999995123,
        2.8558750000007294,
        4.523707999999793,
        2.93075000000087,
        2.736083000000278,
        4.2357499999994275,
        2.772416000000888,
        2.764457999999692,
        2.7437920000004112
      ],
      "baseline_generator": [
        120.15183400000052,
        120.83125000000017,
        120.72400000000094,
        120.69254100000038,
        120.78245800000076,
        120.98724999999888,
        119.93512499999959,
        120.69129099999998,
        120.78520899999923
      ],
      "baseline_total": [
        122.95154200000003,
        123.68712500000089,
        125.24770800000073,
        123.62329100000125,
        123.51854100000104,
        125.22299999999831,
        122.70754100000048,
        123.45574899999967,
        123.52900099999964
      ],
      "candidate_body": [
        84.32824999999954,
        83.83316699999988,
        83.96624999999958,
        83.78191600000129,
        84.30254199999965,
        83.51583300000165,
        84.29404099999971,
        83.56249999999932,
        83.80804199999936
      ],
      "candidate_noise": [
        27.372249999999987,
        27.507124999999633,
        27.62266600000096,
        27.60912499999968,
        27.70533300000011,
        27.540207999999566,
        27.290166999998533,
        27.604249999999553,
        27.613166000000078
      ],
      "candidate_tail": [
        2.3257089999999536,
        1.9778329999997624,
        2.059833000000566,
        1.9900419999991925,
        2.0495829999997994,
        1.9998329999992848,
        2.207750000000175,
        2.116083000000657,
        1.9833750000000094
      ],
      "candidate_total": [
        114.02620899999948,
        113.31812499999927,
        113.6487490000011,
        113.38108300000016,
        114.05745799999956,
        113.0558740000005,
        113.79195799999842,
        113.28283299999953,
        113.40458299999945
      ]
    },
    "warmup": 5
  },
  "body_package": "outputs/f0_noise_exact_shape/3s_padded_native_in_ios17_nopal_cos_rsqrt_cos_rsqrt_native_in/kokoro_f0_noise_body_3s_padded_native_in_ios17_nopal_cos_rsqrt_cos_rsqrt_native_in.mlpackage",
  "decoder_pre_package": "coreml/kokoro_decoder_pre_3s.mlpackage",
  "export": null,
  "fused_package": "coreml/kokoro_decoder_har_post_3s.mlpackage",
  "manifest_metadata": {
    "bucket_seconds": 3,
    "canonical_duration_s": 2.8,
    "decoder_frame_count": 120,
    "duration_model": "padded_t64",
    "duration_model_allows_padding": true,
    "duration_token_length": 64,
    "executable": "kokoro-bench",
    "full_f0_len": 240,
    "har_expected_time": 28801,
    "hnsf_reference_command": "uv run --no-sync python scripts/validate_hnsf_swift.py generate",
    "input_key": "3s",
    "natural_frames": 112,
    "num_tokens": 44,
    "observed_audio_duration_s": 2.8,
    "producer": "swift",
    "seed": 42,
    "speed": 1,
    "t_frames": 120,
    "text": "The quick brown fox jumps over the dog.",
    "trim_len": 67200,
    "voice": "af_heart",
    "x_pre_expected_time": 240
  },
  "noise_package": "outputs/f0_noise_exact_shape/3s_padded_native_in_ios17_nopal_cos_rsqrt_cos_rsqrt_native_in/kokoro_f0_noise_3s_padded_native_in_ios17_nopal_cos_rsqrt_cos_rsqrt_native_in.mlpackage",
  "passes": false,
  "report": "outputs/f0_noise_exact_shape/3s_padded_native_in_ios17_nopal_cos_rsqrt_cos_rsqrt_native_in/report_native_in_ios17_nopal_m2_air.json",
  "speedup_vs_baseline_pct": 8.1959846821721,
  "tail_package": "outputs/f0_noise_exact_shape/3s_padded_native_in_ios17_nopal_cos_rsqrt_cos_rsqrt_native_in/kokoro_f0_noise_tail_3s_padded_native_in_ios17_nopal_cos_rsqrt_cos_rsqrt_native_in.mlpackage",
  "tensor_dump": "outputs/generator_isolation/dumps/3s",
  "thresholds": {
    "max_abs_error": 0.01,
    "min_corr": 0.99,
    "min_snr": 35.0
  }
}
