{
  "linear_weights": [
    -0.08154187, -0.18519667, -0.18263398, -0.17837206, -0.09873895,
     0.08264039,  0.08743999, -0.39068547, -0.54774433
  ],
  "linear_bias": -0.02945026,
  "weights_sha256": "unverified"
}
