{
  "benchmark": {
    "compute_units": "cpuAndGPU",
    "first_predict_ms": {
      "cos": 107.36733302474022,
      "fused": 137.25699996575713
    },
    "iterations": 10,
    "metrics": {
      "cos_vs_dump_full": {
        "candidate_samples": 72000,
        "correlation": 0.9998803634484738,
        "cosine_similarity": 0.9998911129949422,
        "max_abs_error": 0.0086822509765625,
        "mean_abs_error": 0.0003966376384099325,
        "reference_samples": 72000,
        "rmse": 0.0007780828238189664,
        "samples_compared": 72000,
        "snr_db": 36.550577242756226
      },
      "cos_vs_dump_trimmed": {
        "candidate_samples": 67200,
        "correlation": 0.9998757803430247,
        "cosine_similarity": 0.9998876940714881,
        "max_abs_error": 0.0128326416015625,
        "mean_abs_error": 0.000433790294151134,
        "reference_samples": 67200,
        "rmse": 0.0008177830326604379,
        "samples_compared": 67200,
        "snr_db": 36.4179230039544
      },
      "cos_vs_fused_full": {
        "candidate_samples": 72000,
        "correlation": 0.9998803634484738,
        "cosine_similarity": 0.9998911129949422,
        "max_abs_error": 0.0086822509765625,
        "mean_abs_error": 0.0003966376384099325,
        "reference_samples": 72000,
        "rmse": 0.0007780828238189664,
        "samples_compared": 72000,
        "snr_db": 36.550577242756226
      },
      "cos_vs_fused_trimmed": {
        "candidate_samples": 67200,
        "correlation": 0.9998795313806623,
        "cosine_similarity": 0.9998911142789747,
        "max_abs_error": 0.0086822509765625,
        "mean_abs_error": 0.00042456324345299174,
        "reference_samples": 67200,
        "rmse": 0.0008053869791277583,
        "samples_compared": 67200,
        "snr_db": 36.550622938706205
      },
      "fused_vs_dump_full": {
        "candidate_samples": 72000,
        "correlation": 1.0,
        "cosine_similarity": 1.0,
        "max_abs_error": 0.0,
        "mean_abs_error": 0.0,
        "reference_samples": 72000,
        "rmse": 0.0,
        "samples_compared": 72000,
        "snr_db": 142.9444187745472
      },
      "fused_vs_dump_trimmed": {
        "candidate_samples": 67200,
        "correlation": 0.9999961868925267,
        "cosine_similarity": 0.9999965419206919,
        "max_abs_error": 0.012786865234375,
        "mean_abs_error": 9.83242506582845e-06,
        "reference_samples": 67200,
        "rmse": 0.0001423861832117895,
        "samples_compared": 67200,
        "snr_db": 51.601327941936844
      }
    },
    "speedup_vs_fused_pct": -2.828316293511665,
    "warm_predict_median_ms": {
      "cos": 27.077437553089112,
      "fused": 26.332666457165033
    },
    "warm_predict_times_ms": {
      "cos": [
        27.052875026129186,
        27.084417059086263,
        27.062000008299947,
        27.09291607607156,
        27.07045804709196,
        27.00504194945097,
        27.092874981462955,
        27.050583041273057,
        27.13266690261662,
        27.10029191803187
      ],
      "fused": [
        26.370457955636084,
        26.352083077654243,
        26.240792009048164,
        26.257165940478444,
        26.322457939386368,
        26.38612501323223,
        26.368167018517852,
        26.258916943334043,
        26.25854196958244,
        26.342874974943697
      ]
    },
    "warmup": 3
  },
  "broadcast_adain": true,
  "cos_package": "outputs/generator_cos_snake/3s_native_broadcast_fp16_pal8_plain_broadcast_adain_native_in_pal8_fp16_inputs_ios17/kokoro_generator_cos_snake_3s_native_broadcast_fp16_pal8_plain_broadcast_adain_native_in_pal8_fp16_inputs_ios17.mlpackage",
  "cos_snake": false,
  "deployment_target": "ios17",
  "export": {
    "broadcast_adain": true,
    "cos_snake": false,
    "deployment_target": "ios17",
    "har_shape": [
      1,
      22,
      28801
    ],
    "har_time": null,
    "input_dtype": "fp16",
    "input_shape_mode": "fixed",
    "linear_quantize": null,
    "native_instance_norm_adain": true,
    "package": "outputs/generator_cos_snake/3s_native_broadcast_fp16_pal8_plain_broadcast_adain_native_in_pal8_fp16_inputs_ios17/kokoro_generator_cos_snake_3s_native_broadcast_fp16_pal8_plain_broadcast_adain_native_in_pal8_fp16_inputs_ios17.mlpackage",
    "palettize": true,
    "precision": "fp16",
    "ref_s_shape": [
      1,
      256
    ],
    "removed_dropouts": 0,
    "toolchain": {
      "coremltools": "8.3.0",
      "numpy": "1.26.4",
      "torch": "2.6.0"
    },
    "traced_samples": 72000,
    "x_pre_shape": [
      1,
      512,
      240
    ]
  },
  "fused_package": "coreml/kokoro_decoder_har_post_3s.mlpackage",
  "har_time": null,
  "input_dtype": "fp16",
  "input_shape_mode": "fixed",
  "linear_quantize": null,
  "manifest_metadata": {
    "bucket_seconds": 3,
    "canonical_duration_s": 2.8,
    "decoder_frame_count": 120,
    "duration_model": "padded_t64",
    "duration_model_allows_padding": true,
    "duration_token_length": 64,
    "executable": "kokoro-bench",
    "full_f0_len": 240,
    "har_expected_time": 28801,
    "hnsf_reference_command": "uv run --no-sync python scripts/validate_hnsf_swift.py generate",
    "input_key": "3s",
    "natural_frames": 112,
    "num_tokens": 44,
    "observed_audio_duration_s": 2.8,
    "producer": "swift",
    "seed": 42,
    "speed": 1,
    "t_frames": 120,
    "text": "The quick brown fox jumps over the dog.",
    "trim_len": 67200,
    "voice": "af_heart",
    "x_pre_expected_time": 240
  },
  "native_instance_norm_adain": true,
  "palettize": true,
  "passes": true,
  "report": "outputs/generator_cos_snake/3s_native_broadcast_fp16_pal8_plain_broadcast_adain_native_in_pal8_fp16_inputs_ios17/report_ios17_native_broadcast_fp16_pal8_cpu_gpu.json",
  "tensor_dump": "outputs/generator_isolation/dumps/3s",
  "thresholds": {
    "max_abs_error": 0.01,
    "min_corr": 0.99,
    "min_snr": 35.0
  },
  "toolchain": {
    "coremltools": "8.3.0",
    "numpy": "1.26.4",
    "torch": "2.6.0"
  }
}
