{
  "benchmark": {
    "compute_units": "cpuAndGPU",
    "first_predict_ms": {
      "fused": 141.6372919920832,
      "style_specialized": 198.57466605026275
    },
    "iterations": 20,
    "metrics": {
      "fused_vs_dump_full": {
        "candidate_samples": 72000,
        "correlation": 1.0,
        "cosine_similarity": 1.0,
        "max_abs_error": 0.0,
        "mean_abs_error": 0.0,
        "reference_samples": 72000,
        "rmse": 0.0,
        "samples_compared": 72000,
        "snr_db": 142.9444187745472
      },
      "fused_vs_dump_trimmed": {
        "candidate_samples": 67200,
        "correlation": 0.9999961868925267,
        "cosine_similarity": 0.9999965419206919,
        "max_abs_error": 0.012786865234375,
        "mean_abs_error": 9.83242506582845e-06,
        "reference_samples": 67200,
        "rmse": 0.0001423861832117895,
        "samples_compared": 67200,
        "snr_db": 51.601327941936844
      },
      "style_vs_dump_full": {
        "candidate_samples": 72000,
        "correlation": 0.9999838531032893,
        "cosine_similarity": 0.9999853038380261,
        "max_abs_error": 0.00634765625,
        "mean_abs_error": 0.00012560960153738658,
        "reference_samples": 72000,
        "rmse": 0.00028359199319966073,
        "samples_compared": 72000,
        "snr_db": 45.31721450904481
      },
      "style_vs_dump_trimmed": {
        "candidate_samples": 67200,
        "correlation": 0.9999799391763737,
        "cosine_similarity": 0.9999818523867882,
        "max_abs_error": 0.01277923583984375,
        "mean_abs_error": 0.00014428127674630023,
        "reference_samples": 67200,
        "rmse": 0.00032619806806230675,
        "samples_compared": 67200,
        "snr_db": 44.40105722381651
      },
      "style_vs_fused_full": {
        "candidate_samples": 72000,
        "correlation": 0.9999838531032893,
        "cosine_similarity": 0.9999853038380261,
        "max_abs_error": 0.00634765625,
        "mean_abs_error": 0.00012560960153738658,
        "reference_samples": 72000,
        "rmse": 0.00028359199319966073,
        "samples_compared": 72000,
        "snr_db": 45.31721450904481
      },
      "style_vs_fused_trimmed": {
        "candidate_samples": 67200,
        "correlation": 0.9999837405811612,
        "cosine_similarity": 0.9999853038572919,
        "max_abs_error": 0.00634765625,
        "mean_abs_error": 0.00013450747178423973,
        "reference_samples": 67200,
        "rmse": 0.0002935450353974934,
        "samples_compared": 67200,
        "snr_db": 45.31722022313638
      }
    },
    "speedup_vs_fused_pct": 0.22174546913042348,
    "warm_predict_median_ms": {
      "fused": 26.4005420031026,
      "style_specialized": 26.341999997384846
    },
    "warm_predict_times_ms": {
      "fused": [
        26.438833097927272,
        26.393457897938788,
        26.32274990901351,
        26.330458000302315,
        26.31512493826449,
        26.594792027026415,
        26.560665923170745,
        26.572000002488494,
        26.378041016869247,
        26.401208946481347,
        26.268167071975768,
        26.418416993692517,
        26.431832928210497,
        26.399875059723854,
        26.262333965860307,
        26.323625002987683,
        26.302666985429823,
        26.415917091071606,
        26.43908397294581,
        26.40495798550546
      ],
      "style_specialized": [
        26.34991693776101,
        26.277540950104594,
        26.35620895307511,
        26.250750059261918,
        26.332749985158443,
        26.650042040273547,
        26.50829090271145,
        26.536958990618587,
        26.316000032238662,
        26.374708977527916,
        26.309250039048493,
        26.447791955433786,
        26.34983300231397,
        26.270750095136464,
        26.267208042554557,
        26.33416699245572,
        26.220958912745118,
        26.384167023934424,
        26.326082996092737,
        26.378416921943426
      ]
    },
    "warmup": 5
  },
  "export": {
    "deployment_target": "ios17",
    "frozen_adain_count": 48,
    "har_shape": [
      1,
      22,
      28561
    ],
    "har_time": 28561,
    "native_instance_norm_adain": true,
    "package": "outputs/generator_style_specialization/3s_style_native_in_ios17_har28561/kokoro_generator_style_specialized_3s_style_native_in_ios17_har28561.mlpackage",
    "precision": "fp16",
    "removed_dropouts": 0,
    "traced_samples": 72000,
    "x_pre_shape": [
      1,
      512,
      240
    ]
  },
  "fused_package": "coreml/kokoro_decoder_har_post_3s.mlpackage",
  "manifest_metadata": {
    "bucket_seconds": 3,
    "canonical_duration_s": 2.8,
    "decoder_frame_count": 120,
    "duration_model": "padded_t64",
    "duration_model_allows_padding": true,
    "duration_token_length": 64,
    "executable": "kokoro-bench",
    "full_f0_len": 240,
    "har_expected_time": 28801,
    "hnsf_reference_command": "uv run --no-sync python scripts/validate_hnsf_swift.py generate",
    "input_key": "3s",
    "natural_frames": 112,
    "num_tokens": 44,
    "observed_audio_duration_s": 2.8,
    "producer": "swift",
    "seed": 42,
    "speed": 1,
    "t_frames": 120,
    "text": "The quick brown fox jumps over the dog.",
    "trim_len": 67200,
    "voice": "af_heart",
    "x_pre_expected_time": 240
  },
  "passes": true,
  "report": "outputs/generator_style_specialization/3s_style_native_in_ios17_har28561/report_cpu_gpu.json",
  "style_package": "outputs/generator_style_specialization/3s_style_native_in_ios17_har28561/kokoro_generator_style_specialized_3s_style_native_in_ios17_har28561.mlpackage",
  "tensor_dump": "outputs/generator_isolation/dumps/3s",
  "thresholds": {
    "max_abs_error": 0.01,
    "min_corr": 0.99,
    "min_snr": 35.0
  }
}
