{
  "input_text": "Hello Matt, this is Kokoro running on Apple Neural Engine.",
  "bucket_seconds": 5,
  "model": "KokoroDecoder_HAR_5s.mlpackage",
  "sample_rate": 24000,
  "mel_params": {
    "n_mels": 80,
    "hop_length": 300,
    "n_fft": 1024,
    "fmin": 0,
    "fmax": 12000
  },
  "latency_seconds": {
    "pre_decoder": 0.2776000499725342,
    "coreml_inference": 0.607180118560791,
    "total": 0.8847801685333252
  },
  "artifacts": {
    "wav": "20250826_131123.wav",
    "png": "20250826_131123.png",
    "csv": "20250826_131123.csv"
  }
}