{
  "benchmark": {
    "compute_units": "cpuAndGPU",
    "first_predict_ms": {
      "cos": 178.07141703087837,
      "fused": 216.06770809739828
    },
    "iterations": 10,
    "metrics": {
      "cos_vs_dump_full": {
        "candidate_samples": 360000,
        "correlation": 0.9999958989406186,
        "cosine_similarity": 0.999996366769184,
        "max_abs_error": 0.002197265625,
        "mean_abs_error": 7.677899963325924e-05,
        "reference_samples": 360000,
        "rmse": 0.00015679098345553033,
        "samples_compared": 360000,
        "snr_db": 51.386091177060806
      },
      "cos_vs_dump_trimmed": {
        "candidate_samples": 333600,
        "correlation": 0.9836471704638422,
        "cosine_similarity": 0.9855066729351781,
        "max_abs_error": 0.35791015625,
        "mean_abs_error": 0.0010740384805214944,
        "reference_samples": 333600,
        "rmse": 0.010086967845930783,
        "samples_compared": 333600,
        "snr_db": 15.277877886563294
      },
      "cos_vs_fused_full": {
        "candidate_samples": 360000,
        "correlation": 0.9999958989406186,
        "cosine_similarity": 0.999996366769184,
        "max_abs_error": 0.002197265625,
        "mean_abs_error": 7.677899963325924e-05,
        "reference_samples": 360000,
        "rmse": 0.00015679098345553033,
        "samples_compared": 360000,
        "snr_db": 51.386091177060806
      },
      "cos_vs_fused_trimmed": {
        "candidate_samples": 333600,
        "correlation": 0.9999959374146906,
        "cosine_similarity": 0.9999964030307148,
        "max_abs_error": 0.002197265625,
        "mean_abs_error": 7.895489194267374e-05,
        "reference_samples": 333600,
        "rmse": 0.00015950482327603636,
        "samples_compared": 333600,
        "snr_db": 51.42962588368327
      },
      "fused_vs_dump_full": {
        "candidate_samples": 360000,
        "correlation": 1.0,
        "cosine_similarity": 1.0000000000000002,
        "max_abs_error": 0.0,
        "mean_abs_error": 0.0,
        "reference_samples": 360000,
        "rmse": 0.0,
        "samples_compared": 360000,
        "snr_db": 150.85553786901673
      },
      "fused_vs_dump_trimmed": {
        "candidate_samples": 333600,
        "correlation": 0.9836474462489652,
        "cosine_similarity": 0.985506901584788,
        "max_abs_error": 0.35791015625,
        "mean_abs_error": 0.0009989530257305385,
        "reference_samples": 333600,
        "rmse": 0.010087279764659582,
        "samples_compared": 333600,
        "snr_db": 15.277609297448407
      }
    },
    "speedup_vs_fused_pct": -0.2684846776113418,
    "warm_predict_median_ms": {
      "cos": 106.21054150396958,
      "fused": 105.92614603228867
    },
    "warm_predict_times_ms": {
      "cos": [
        106.43837496172637,
        106.0247499262914,
        106.20287503115833,
        106.31225001998246,
        106.21820797678083,
        106.3751659821719,
        106.02820792701095,
        106.13099997863173,
        105.92595802154392,
        106.36958305258304
      ],
      "fused": [
        105.73804203886539,
        106.18158394936472,
        105.88033404201269,
        106.02491605095565,
        106.44054191652685,
        106.00999998860061,
        105.94350006431341,
        105.83308397326618,
        105.90879200026393,
        105.770125053823
      ]
    },
    "warmup": 3
  },
  "broadcast_adain": false,
  "cos_package": "outputs/generator_cos_snake/15s_toolchain_ct9_plain_ios17/kokoro_generator_cos_snake_15s_toolchain_ct9_plain_ios17.mlpackage",
  "cos_snake": true,
  "deployment_target": "ios17",
  "export": {
    "broadcast_adain": false,
    "cos_snake": true,
    "deployment_target": "ios17",
    "har_shape": [
      1,
      22,
      144001
    ],
    "har_time": null,
    "input_shape_mode": "fixed",
    "linear_quantize": null,
    "native_instance_norm_adain": false,
    "package": "outputs/generator_cos_snake/15s_toolchain_ct9_plain_ios17/kokoro_generator_cos_snake_15s_toolchain_ct9_plain_ios17.mlpackage",
    "palettize": false,
    "precision": "fp16",
    "ref_s_shape": [
      1,
      256
    ],
    "removed_dropouts": 0,
    "toolchain": {
      "coremltools": "8.3.0",
      "numpy": "1.26.4",
      "torch": "2.6.0"
    },
    "traced_samples": 360000,
    "x_pre_shape": [
      1,
      512,
      1200
    ]
  },
  "fused_package": "coreml/kokoro_decoder_har_post_15s.mlpackage",
  "har_time": null,
  "input_shape_mode": "fixed",
  "linear_quantize": null,
  "manifest_metadata": {
    "bucket_seconds": 15,
    "canonical_duration_s": 13.9,
    "decoder_frame_count": 600,
    "duration_model": "exact_t219",
    "duration_model_allows_padding": false,
    "duration_token_length": 219,
    "executable": "kokoro-bench",
    "full_f0_len": 1200,
    "har_expected_time": 144001,
    "hnsf_reference_command": "uv run --no-sync python scripts/validate_hnsf_swift.py generate",
    "input_key": "15s",
    "natural_frames": 556,
    "num_tokens": 219,
    "observed_audio_duration_s": 13.9,
    "producer": "swift",
    "seed": 42,
    "speed": 1,
    "t_frames": 600,
    "text": "The ancient lighthouse stood alone on the rocky cliff, its beam sweeping across dark waters with the patience of centuries. Ships had come and gone, storms had battered its walls, yet still it turned, guiding sailors home.",
    "trim_len": 333600,
    "voice": "af_heart",
    "x_pre_expected_time": 1200
  },
  "native_instance_norm_adain": false,
  "palettize": false,
  "passes": true,
  "report": "outputs/generator_cos_snake/15s_toolchain_ct9_plain_ios17/report_ct9_plain_ios17.json",
  "tensor_dump": "outputs/generator_isolation/dumps/15s",
  "thresholds": {
    "max_abs_error": 0.01,
    "min_corr": 0.99,
    "min_snr": 35.0
  },
  "toolchain": {
    "coremltools": "8.3.0",
    "numpy": "1.26.4",
    "torch": "2.6.0"
  }
}
