{
  "benchmark": {
    "body_compute_units": "cpuAndGPU",
    "decoder_pre_compute_units": "cpuAndNeuralEngine",
    "first_predict_ms": {
      "baseline_decoder_pre": 8.023833041079342,
      "baseline_generator": 117.29341594036669,
      "baseline_total": 125.31724898144603,
      "candidate_body": 114.8521670838818,
      "candidate_noise": 44.531250023283064,
      "candidate_tail": 22.548915934748948,
      "candidate_total": 181.9323330419138
    },
    "fused_compute_units": "cpuAndGPU",
    "iterations": 3,
    "metrics": {
      "baseline_vs_dump_trimmed": {
        "candidate_samples": 67200,
        "correlation": 0.9999961868925267,
        "cosine_similarity": 0.9999965419206919,
        "max_abs_error": 0.012786865234375,
        "mean_abs_error": 9.83242506582845e-06,
        "reference_samples": 67200,
        "rmse": 0.0001423861832117895,
        "samples_compared": 67200,
        "snr_db": 51.601327941936844
      },
      "candidate_vs_baseline_trimmed": {
        "candidate_samples": 67200,
        "correlation": 0.9315307579136038,
        "cosine_similarity": 0.9382265546997421,
        "max_abs_error": 0.2424149177968502,
        "mean_abs_error": 0.008616166384607746,
        "reference_samples": 67200,
        "rmse": 0.018844802151249965,
        "samples_compared": 67200,
        "snr_db": 9.166883374300554
      },
      "candidate_vs_dump_trimmed": {
        "candidate_samples": 67200,
        "correlation": 0.9315319400787816,
        "cosine_similarity": 0.938223570264281,
        "max_abs_error": 0.2424149177968502,
        "mean_abs_error": 0.008622324084867874,
        "reference_samples": 67200,
        "rmse": 0.018845136662221307,
        "samples_compared": 67200,
        "snr_db": 9.1666990909271
      }
    },
    "noise_compute_units": "all",
    "tail_compute_units": "all",
    "toolchain": {
      "coremltools": "8.3.0",
      "numpy": "1.26.4",
      "torch": "2.6.0"
    },
    "warm_predict_median_ms": {
      "baseline_decoder_pre": 3.3653751015663147,
      "baseline_generator": 28.494416968896985,
      "baseline_total": 31.8597920704633,
      "candidate_body": 28.158458997495472,
      "candidate_noise": 6.497708032839,
      "candidate_tail": 1.627999939955771,
      "candidate_total": 36.89570806454867
    },
    "warm_predict_times_ms": {
      "baseline_decoder_pre": [
        3.863709047436714,
        3.3347499556839466,
        3.3653751015663147
      ],
      "baseline_generator": [
        28.94662506878376,
        27.655750047415495,
        28.494416968896985
      ],
      "baseline_total": [
        32.810334116220474,
        30.99050000309944,
        31.8597920704633
      ],
      "candidate_body": [
        27.71808300167322,
        28.158458997495472,
        28.7700000917539
      ],
      "candidate_noise": [
        6.408249959349632,
        6.635583005845547,
        6.497708032839
      ],
      "candidate_tail": [
        1.344042015261948,
        2.8594580944627523,
        1.627999939955771
      ],
      "candidate_total": [
        35.4703749762848,
        37.65350009780377,
        36.89570806454867
      ]
    },
    "warmup": 1
  },
  "body_package": "outputs/f0_noise_exact_shape/3s_padded_native_in_fp16_pal_v2_cos_rsqrt_body_pal_native_in/kokoro_f0_noise_body_3s_padded_native_in_fp16_pal_v2_cos_rsqrt_body_pal_native_in.mlpackage",
  "decoder_pre_package": "coreml/kokoro_decoder_pre_3s.mlpackage",
  "export": {
    "anchor_shape": [
      1,
      1
    ],
    "asr_shape": [
      1,
      512,
      120
    ],
    "body_input_dtype": "fp16",
    "body_package": "outputs/f0_noise_exact_shape/3s_padded_native_in_fp16_pal_v2_cos_rsqrt_body_pal_native_in/kokoro_f0_noise_body_3s_padded_native_in_fp16_pal_v2_cos_rsqrt_body_pal_native_in.mlpackage",
    "body_precision": "fp16",
    "body_removed_dropouts": 5,
    "cos_snake": true,
    "deployment_target": "macos13",
    "f0_shape": [
      1,
      240
    ],
    "n_shape": [
      1,
      240
    ],
    "native_instance_norm": true,
    "natural_asr": false,
    "noise_package": "outputs/f0_noise_exact_shape/3s_padded_native_in_fp16_pal_v2_cos_rsqrt_body_pal_native_in/kokoro_f0_noise_3s_padded_native_in_fp16_pal_v2_cos_rsqrt_body_pal_native_in.mlpackage",
    "noise_precision": "fp32",
    "noise_removed_dropouts": 0,
    "palettize_body": true,
    "palettize_noise": false,
    "patch_resblock_scale": true,
    "phase_mode": "atan2",
    "pre_tail_shape": [
      1,
      128,
      14401
    ],
    "source_shapes": [
      [
        1,
        256,
        2400
      ],
      [
        1,
        128,
        14401
      ]
    ],
    "style_shape": [
      1,
      128
    ],
    "tail_package": "outputs/f0_noise_exact_shape/3s_padded_native_in_fp16_pal_v2_cos_rsqrt_body_pal_native_in/kokoro_f0_noise_tail_3s_padded_native_in_fp16_pal_v2_cos_rsqrt_body_pal_native_in.mlpackage",
    "tail_precision": "fp32",
    "tail_removed_dropouts": 0,
    "tail_samples": 72000,
    "toolchain": {
      "coremltools": "8.3.0",
      "numpy": "1.26.4",
      "torch": "2.6.0"
    }
  },
  "fused_package": "coreml/kokoro_decoder_har_post_3s.mlpackage",
  "manifest_metadata": {
    "bucket_seconds": 3,
    "canonical_duration_s": 2.8,
    "decoder_frame_count": 120,
    "duration_model": "padded_t64",
    "duration_model_allows_padding": true,
    "duration_token_length": 64,
    "executable": "kokoro-bench",
    "full_f0_len": 240,
    "har_expected_time": 28801,
    "hnsf_reference_command": "uv run --no-sync python scripts/validate_hnsf_swift.py generate",
    "input_key": "3s",
    "natural_frames": 112,
    "num_tokens": 44,
    "observed_audio_duration_s": 2.8,
    "producer": "swift",
    "seed": 42,
    "speed": 1,
    "t_frames": 120,
    "text": "The quick brown fox jumps over the dog.",
    "trim_len": 67200,
    "voice": "af_heart",
    "x_pre_expected_time": 240
  },
  "noise_package": "outputs/f0_noise_exact_shape/3s_padded_native_in_fp16_pal_v2_cos_rsqrt_body_pal_native_in/kokoro_f0_noise_3s_padded_native_in_fp16_pal_v2_cos_rsqrt_body_pal_native_in.mlpackage",
  "passes": false,
  "report": "outputs/f0_noise_exact_shape/3s_padded_native_in_fp16_pal_v2_cos_rsqrt_body_pal_native_in/report_native_in_fp16_pal_v2.json",
  "speedup_vs_baseline_pct": -15.806493598412677,
  "tail_package": "outputs/f0_noise_exact_shape/3s_padded_native_in_fp16_pal_v2_cos_rsqrt_body_pal_native_in/kokoro_f0_noise_tail_3s_padded_native_in_fp16_pal_v2_cos_rsqrt_body_pal_native_in.mlpackage",
  "tensor_dump": "outputs/generator_isolation/dumps/3s",
  "thresholds": {
    "max_abs_error": 0.01,
    "min_corr": 0.99,
    "min_snr": 35.0
  }
}
