{
  "benchmark": {
    "body_compute_units": "cpuAndGPU",
    "decoder_pre_compute_units": "cpuAndNeuralEngine",
    "first_predict_ms": {
      "baseline_decoder_pre": 7.5590829364955425,
      "baseline_generator": 117.39958403632045,
      "baseline_total": 124.95866697281599,
      "candidate_body": 120.24379195645452,
      "candidate_noise": 290.25162500329316,
      "candidate_tail": 18.19208392407745,
      "candidate_total": 428.6875008838251
    },
    "fused_compute_units": "cpuAndGPU",
    "iterations": 3,
    "metrics": {
      "baseline_vs_dump_trimmed": {
        "candidate_samples": 67200,
        "correlation": 0.9999961868925267,
        "cosine_similarity": 0.9999965419206919,
        "max_abs_error": 0.012786865234375,
        "mean_abs_error": 9.83242506582845e-06,
        "reference_samples": 67200,
        "rmse": 0.0001423861832117895,
        "samples_compared": 67200,
        "snr_db": 51.601327941936844
      },
      "candidate_vs_baseline_trimmed": {
        "candidate_samples": 67200,
        "correlation": 0.21573125344982874,
        "cosine_similarity": 0.331821899970086,
        "max_abs_error": 0.3907383643090725,
        "mean_abs_error": 0.026871967219409106,
        "reference_samples": 67200,
        "rmse": 0.05206478294603246,
        "samples_compared": 67200,
        "snr_db": 0.33983377481040133
      },
      "candidate_vs_dump_trimmed": {
        "candidate_samples": 67200,
        "correlation": 0.21579471760264604,
        "cosine_similarity": 0.3318117986126388,
        "max_abs_error": 0.3907383643090725,
        "mean_abs_error": 0.026878123793946683,
        "reference_samples": 67200,
        "rmse": 0.05206491625951038,
        "samples_compared": 67200,
        "snr_db": 0.33978143140222383
      },
      "torch_candidate_vs_dump_trimmed": {
        "candidate_samples": 67200,
        "correlation": 0.9881146076258527,
        "cosine_similarity": 0.9892606711706451,
        "max_abs_error": 0.12842297554016113,
        "mean_abs_error": 0.003718997266561222,
        "reference_samples": 67200,
        "rmse": 0.007931304551790107,
        "samples_compared": 67200,
        "snr_db": 16.683792384856048
      }
    },
    "noise_compute_units": "all",
    "tail_compute_units": "all",
    "toolchain": {
      "coremltools": "8.3.0",
      "numpy": "1.26.4",
      "torch": "2.6.0"
    },
    "warm_predict_median_ms": {
      "baseline_decoder_pre": 3.70720901992172,
      "baseline_generator": 28.60558300744742,
      "baseline_total": 31.79937496315688,
      "candidate_body": 27.159458957612514,
      "candidate_noise": 6.620542029850185,
      "candidate_tail": 1.1576669057831168,
      "candidate_total": 34.74087582435459
    },
    "warm_predict_times_ms": {
      "baseline_decoder_pre": [
        3.1937919557094574,
        3.70720901992172,
        3.993624937720597
      ],
      "baseline_generator": [
        28.60558300744742,
        27.601499925367534,
        29.00166600011289
      ],
      "baseline_total": [
        31.79937496315688,
        31.308708945289254,
        32.99529093783349
      ],
      "candidate_body": [
        27.159458957612514,
        27.623041067272425,
        26.514583034440875
      ],
      "candidate_noise": [
        6.469041923992336,
        7.296666968613863,
        6.620542029850185
      ],
      "candidate_tail": [
        1.1123749427497387,
        1.7686249921098351,
        1.1576669057831168
      ],
      "candidate_total": [
        34.74087582435459,
        36.68833302799612,
        34.29279197007418
      ]
    },
    "warmup": 1
  },
  "body_package": "outputs/f0_noise_exact_shape/3s_padded_swift_like_native_in_cos_rsqrt_native_in_swift_like/kokoro_f0_noise_body_3s_padded_swift_like_native_in_cos_rsqrt_native_in_swift_like.mlpackage",
  "decoder_pre_package": "coreml/kokoro_decoder_pre_3s.mlpackage",
  "export": {
    "anchor_shape": [
      1,
      1
    ],
    "asr_shape": [
      1,
      512,
      120
    ],
    "body_input_dtype": "fp16",
    "body_package": "outputs/f0_noise_exact_shape/3s_padded_swift_like_native_in_cos_rsqrt_native_in_swift_like/kokoro_f0_noise_body_3s_padded_swift_like_native_in_cos_rsqrt_native_in_swift_like.mlpackage",
    "body_precision": "fp16",
    "body_removed_dropouts": 5,
    "cos_snake": true,
    "deployment_target": "macos13",
    "f0_shape": [
      1,
      240
    ],
    "n_shape": [
      1,
      240
    ],
    "native_instance_norm": true,
    "natural_asr": false,
    "noise_package": "outputs/f0_noise_exact_shape/3s_padded_swift_like_native_in_cos_rsqrt_native_in_swift_like/kokoro_f0_noise_3s_padded_swift_like_native_in_cos_rsqrt_native_in_swift_like.mlpackage",
    "noise_precision": "fp32",
    "noise_removed_dropouts": 0,
    "palettize_body": false,
    "palettize_noise": false,
    "patch_resblock_scale": true,
    "phase_mode": "atan2",
    "pre_tail_shape": [
      1,
      128,
      14401
    ],
    "seed": 42,
    "source_mode": "swift_like",
    "source_shapes": [
      [
        1,
        256,
        2400
      ],
      [
        1,
        128,
        14401
      ]
    ],
    "style_shape": [
      1,
      128
    ],
    "tail_package": "outputs/f0_noise_exact_shape/3s_padded_swift_like_native_in_cos_rsqrt_native_in_swift_like/kokoro_f0_noise_tail_3s_padded_swift_like_native_in_cos_rsqrt_native_in_swift_like.mlpackage",
    "tail_precision": "fp32",
    "tail_removed_dropouts": 0,
    "tail_samples": 72000,
    "toolchain": {
      "coremltools": "8.3.0",
      "numpy": "1.26.4",
      "torch": "2.6.0"
    }
  },
  "fused_package": "coreml/kokoro_decoder_har_post_3s.mlpackage",
  "manifest_metadata": {
    "bucket_seconds": 3,
    "canonical_duration_s": 2.8,
    "decoder_frame_count": 120,
    "duration_model": "padded_t64",
    "duration_model_allows_padding": true,
    "duration_token_length": 64,
    "executable": "kokoro-bench",
    "full_f0_len": 240,
    "har_expected_time": 28801,
    "hnsf_reference_command": "uv run --no-sync python scripts/validate_hnsf_swift.py generate",
    "input_key": "3s",
    "natural_frames": 112,
    "num_tokens": 44,
    "observed_audio_duration_s": 2.8,
    "producer": "swift",
    "seed": 42,
    "speed": 1,
    "t_frames": 120,
    "text": "The quick brown fox jumps over the dog.",
    "trim_len": 67200,
    "voice": "af_heart",
    "x_pre_expected_time": 240
  },
  "noise_package": "outputs/f0_noise_exact_shape/3s_padded_swift_like_native_in_cos_rsqrt_native_in_swift_like/kokoro_f0_noise_3s_padded_swift_like_native_in_cos_rsqrt_native_in_swift_like.mlpackage",
  "passes": false,
  "report": "outputs/f0_noise_exact_shape/3s_padded_swift_like_native_in_cos_rsqrt_native_in_swift_like/report_swift_like_native_in.json",
  "speedup_vs_baseline_pct": -9.250184522827151,
  "tail_package": "outputs/f0_noise_exact_shape/3s_padded_swift_like_native_in_cos_rsqrt_native_in_swift_like/kokoro_f0_noise_tail_3s_padded_swift_like_native_in_cos_rsqrt_native_in_swift_like.mlpackage",
  "tensor_dump": "outputs/generator_isolation/dumps/3s",
  "thresholds": {
    "max_abs_error": 0.01,
    "min_corr": 0.99,
    "min_snr": 35.0
  }
}
