{
  "benchmark": {
    "compute_units": "cpuAndGPU",
    "first_predict_ms": {
      "cos": 350.2077499870211,
      "fused": 139.66495799832046
    },
    "iterations": 7,
    "metrics": {
      "cos_vs_dump_full": {
        "candidate_samples": 72000,
        "correlation": 0.9588520074517481,
        "cosine_similarity": 0.9625889749147996,
        "max_abs_error": 0.145416259765625,
        "mean_abs_error": 0.007482829261157248,
        "reference_samples": 72000,
        "rmse": 0.014271295743214186,
        "samples_compared": 72000,
        "snr_db": 11.281825688402714
      },
      "cos_vs_dump_trimmed": {
        "candidate_samples": 67200,
        "correlation": 0.9585609413516294,
        "cosine_similarity": 0.962585355923825,
        "max_abs_error": 0.145416259765625,
        "mean_abs_error": 0.00802067946050649,
        "reference_samples": 67200,
        "rmse": 0.014772774112166062,
        "samples_compared": 67200,
        "snr_db": 11.281443772513738
      },
      "cos_vs_fused_full": {
        "candidate_samples": 72000,
        "correlation": 0.9588520074517481,
        "cosine_similarity": 0.9625889749147996,
        "max_abs_error": 0.145416259765625,
        "mean_abs_error": 0.007482829261157248,
        "reference_samples": 72000,
        "rmse": 0.014271295743214186,
        "samples_compared": 72000,
        "snr_db": 11.281825688402714
      },
      "cos_vs_fused_trimmed": {
        "candidate_samples": 67200,
        "correlation": 0.9585622646183058,
        "cosine_similarity": 0.9625890345011178,
        "max_abs_error": 0.145416259765625,
        "mean_abs_error": 0.008013382246274323,
        "reference_samples": 67200,
        "rmse": 0.014772166400650563,
        "samples_compared": 67200,
        "snr_db": 11.281831196551638
      },
      "fused_vs_dump_full": {
        "candidate_samples": 72000,
        "correlation": 1.0,
        "cosine_similarity": 1.0,
        "max_abs_error": 0.0,
        "mean_abs_error": 0.0,
        "reference_samples": 72000,
        "rmse": 0.0,
        "samples_compared": 72000,
        "snr_db": 142.9444187745472
      },
      "fused_vs_dump_trimmed": {
        "candidate_samples": 67200,
        "correlation": 0.9999961868925267,
        "cosine_similarity": 0.9999965419206919,
        "max_abs_error": 0.012786865234375,
        "mean_abs_error": 9.83242506582845e-06,
        "reference_samples": 67200,
        "rmse": 0.0001423861832117895,
        "samples_compared": 67200,
        "snr_db": 51.601327941936844
      }
    },
    "speedup_vs_fused_pct": -2.3627362419187063,
    "warm_predict_median_ms": {
      "cos": 27.14595792349428,
      "fused": 26.519375038333237
    },
    "warm_predict_times_ms": {
      "cos": [
        27.14595792349428,
        27.249875012785196,
        27.10279100574553,
        27.158083044923842,
        27.157917036674917,
        27.027584030292928,
        26.977999950759113
      ],
      "fused": [
        26.519499951973557,
        26.519375038333237,
        26.440707966685295,
        26.659667026251554,
        26.578707969747484,
        26.443999959155917,
        26.49775007739663
      ]
    },
    "warmup": 3
  },
  "broadcast_adain": false,
  "cos_package": "outputs/generator_cos_snake/3s_linear_int4_ios18_wint4_ios18/kokoro_generator_cos_snake_3s_linear_int4_ios18_wint4_ios18.mlpackage",
  "cos_snake": true,
  "deployment_target": "ios18",
  "export": {
    "broadcast_adain": false,
    "cos_snake": true,
    "deployment_target": "ios18",
    "har_shape": [
      1,
      22,
      28801
    ],
    "har_time": null,
    "input_shape_mode": "fixed",
    "linear_quantize": "int4",
    "native_instance_norm_adain": false,
    "package": "outputs/generator_cos_snake/3s_linear_int4_ios18_wint4_ios18/kokoro_generator_cos_snake_3s_linear_int4_ios18_wint4_ios18.mlpackage",
    "palettize": false,
    "precision": "fp16",
    "ref_s_shape": [
      1,
      256
    ],
    "removed_dropouts": 0,
    "toolchain": {
      "coremltools": "8.3.0",
      "numpy": "1.26.4",
      "torch": "2.6.0"
    },
    "traced_samples": 72000,
    "x_pre_shape": [
      1,
      512,
      240
    ]
  },
  "fused_package": "coreml/kokoro_decoder_har_post_3s.mlpackage",
  "har_time": null,
  "input_shape_mode": "fixed",
  "linear_quantize": "int4",
  "manifest_metadata": {
    "bucket_seconds": 3,
    "canonical_duration_s": 2.8,
    "decoder_frame_count": 120,
    "duration_model": "padded_t64",
    "duration_model_allows_padding": true,
    "duration_token_length": 64,
    "executable": "kokoro-bench",
    "full_f0_len": 240,
    "har_expected_time": 28801,
    "hnsf_reference_command": "uv run --no-sync python scripts/validate_hnsf_swift.py generate",
    "input_key": "3s",
    "natural_frames": 112,
    "num_tokens": 44,
    "observed_audio_duration_s": 2.8,
    "producer": "swift",
    "seed": 42,
    "speed": 1,
    "t_frames": 120,
    "text": "The quick brown fox jumps over the dog.",
    "trim_len": 67200,
    "voice": "af_heart",
    "x_pre_expected_time": 240
  },
  "native_instance_norm_adain": false,
  "palettize": false,
  "passes": false,
  "report": "outputs/generator_cos_snake/3s_linear_int4_ios18_wint4_ios18/report_ios18_linear_int4.json",
  "tensor_dump": "outputs/generator_isolation/dumps/3s",
  "thresholds": {
    "max_abs_error": 0.01,
    "min_corr": 0.99,
    "min_snr": 35.0
  },
  "toolchain": {
    "coremltools": "8.3.0",
    "numpy": "1.26.4",
    "torch": "2.6.0"
  }
}
