{
  "benchmark": {
    "compute_units": "cpuAndGPU",
    "first_predict_ms": {
      "cos": 97.82470902428031,
      "fused": 138.27266602311283
    },
    "iterations": 10,
    "metrics": {
      "cos_vs_dump_full": {
        "candidate_samples": 72000,
        "correlation": 0.9999941332022375,
        "cosine_similarity": 0.9999946601592444,
        "max_abs_error": 0.002262115478515625,
        "mean_abs_error": 7.47980558209949e-05,
        "reference_samples": 72000,
        "rmse": 0.00017096412480563478,
        "samples_compared": 72000,
        "snr_db": 49.712994060390315
      },
      "cos_vs_dump_trimmed": {
        "candidate_samples": 67200,
        "correlation": 0.9999902862362551,
        "cosine_similarity": 0.9999912047955911,
        "max_abs_error": 0.012786865234375,
        "mean_abs_error": 8.985409009824929e-05,
        "reference_samples": 67200,
        "rmse": 0.00022709378618161608,
        "samples_compared": 67200,
        "snr_db": 47.546579893095014
      },
      "cos_vs_fused_full": {
        "candidate_samples": 72000,
        "correlation": 0.9999941332022375,
        "cosine_similarity": 0.9999946601592444,
        "max_abs_error": 0.002262115478515625,
        "mean_abs_error": 7.47980558209949e-05,
        "reference_samples": 72000,
        "rmse": 0.00017096412480563478,
        "samples_compared": 72000,
        "snr_db": 49.712994060390315
      },
      "cos_vs_fused_trimmed": {
        "candidate_samples": 67200,
        "correlation": 0.999994092360851,
        "cosine_similarity": 0.9999946601912298,
        "max_abs_error": 0.002262115478515625,
        "mean_abs_error": 8.007773774720374e-05,
        "reference_samples": 67200,
        "rmse": 0.0001769639273753143,
        "samples_compared": 67200,
        "snr_db": 49.713020055266306
      },
      "fused_vs_dump_full": {
        "candidate_samples": 72000,
        "correlation": 1.0,
        "cosine_similarity": 1.0,
        "max_abs_error": 0.0,
        "mean_abs_error": 0.0,
        "reference_samples": 72000,
        "rmse": 0.0,
        "samples_compared": 72000,
        "snr_db": 142.9444187745472
      },
      "fused_vs_dump_trimmed": {
        "candidate_samples": 67200,
        "correlation": 0.9999961868925267,
        "cosine_similarity": 0.9999965419206919,
        "max_abs_error": 0.012786865234375,
        "mean_abs_error": 9.83242506582845e-06,
        "reference_samples": 67200,
        "rmse": 0.0001423861832117895,
        "samples_compared": 67200,
        "snr_db": 51.601327941936844
      }
    },
    "speedup_vs_fused_pct": 0.256156307206609,
    "warm_predict_median_ms": {
      "cos": 26.34841704275459,
      "fused": 26.416083506774157
    },
    "warm_predict_times_ms": {
      "cos": [
        26.363875018432736,
        26.25308302231133,
        26.332959067076445,
        26.603582897223532,
        26.32295899093151,
        26.47124999202788,
        26.28508396446705,
        26.25741600058973,
        26.532625081017613,
        26.42391691915691
      ],
      "fused": [
        26.21270890813321,
        26.34237497113645,
        26.35179099161178,
        26.414292049594223,
        26.46674995776266,
        26.41787496395409,
        26.446750038303435,
        26.31420805118978,
        26.57250000629574,
        26.48070896975696
      ]
    },
    "warmup": 3
  },
  "broadcast_adain": true,
  "cos_package": "outputs/generator_cos_snake/3s_cos_native_broadcast_fp16_inputs_broadcast_adain_native_in_fp16_inputs_ios17/kokoro_generator_cos_snake_3s_cos_native_broadcast_fp16_inputs_broadcast_adain_native_in_fp16_inputs_ios17.mlpackage",
  "cos_snake": true,
  "deployment_target": "ios17",
  "export": {
    "broadcast_adain": true,
    "cos_snake": true,
    "deployment_target": "ios17",
    "har_shape": [
      1,
      22,
      28801
    ],
    "har_time": null,
    "input_dtype": "fp16",
    "input_shape_mode": "fixed",
    "linear_quantize": null,
    "native_instance_norm_adain": true,
    "package": "outputs/generator_cos_snake/3s_cos_native_broadcast_fp16_inputs_broadcast_adain_native_in_fp16_inputs_ios17/kokoro_generator_cos_snake_3s_cos_native_broadcast_fp16_inputs_broadcast_adain_native_in_fp16_inputs_ios17.mlpackage",
    "palettize": false,
    "precision": "fp16",
    "ref_s_shape": [
      1,
      256
    ],
    "removed_dropouts": 0,
    "toolchain": {
      "coremltools": "8.3.0",
      "numpy": "1.26.4",
      "torch": "2.6.0"
    },
    "traced_samples": 72000,
    "x_pre_shape": [
      1,
      512,
      240
    ]
  },
  "fused_package": "coreml/kokoro_decoder_har_post_3s.mlpackage",
  "har_time": null,
  "input_dtype": "fp16",
  "input_shape_mode": "fixed",
  "linear_quantize": null,
  "manifest_metadata": {
    "bucket_seconds": 3,
    "canonical_duration_s": 2.8,
    "decoder_frame_count": 120,
    "duration_model": "padded_t64",
    "duration_model_allows_padding": true,
    "duration_token_length": 64,
    "executable": "kokoro-bench",
    "full_f0_len": 240,
    "har_expected_time": 28801,
    "hnsf_reference_command": "uv run --no-sync python scripts/validate_hnsf_swift.py generate",
    "input_key": "3s",
    "natural_frames": 112,
    "num_tokens": 44,
    "observed_audio_duration_s": 2.8,
    "producer": "swift",
    "seed": 42,
    "speed": 1,
    "t_frames": 120,
    "text": "The quick brown fox jumps over the dog.",
    "trim_len": 67200,
    "voice": "af_heart",
    "x_pre_expected_time": 240
  },
  "native_instance_norm_adain": true,
  "palettize": false,
  "passes": true,
  "report": "outputs/generator_cos_snake/3s_cos_native_broadcast_fp16_inputs_broadcast_adain_native_in_fp16_inputs_ios17/report_ios17_cos_native_broadcast_fp16_inputs_cpu_gpu.json",
  "tensor_dump": "outputs/generator_isolation/dumps/3s",
  "thresholds": {
    "max_abs_error": 0.01,
    "min_corr": 0.99,
    "min_snr": 35.0
  },
  "toolchain": {
    "coremltools": "8.3.0",
    "numpy": "1.26.4",
    "torch": "2.6.0"
  }
}
