{
  "input_text": "Hello Matt, this is Kokoro running on Apple Neural Engine.",
  "bucket_seconds": 5,
  "model": "KokoroDecoder_HAR_5s.mlpackage",
  "sample_rate": 24000,
  "mel_params": {
    "n_mels": 80,
    "hop_length": 300,
    "n_fft": 1024,
    "fmin": 0,
    "fmax": 12000
  },
  "latency_seconds": {
    "pre_decoder": 0.29485511779785156,
    "coreml_inference": 0.7056379318237305,
    "total": 1.000493049621582
  },
  "artifacts": {
    "wav": "20250826_131757.wav",
    "png": "20250826_131757.png",
    "csv": "20250826_131757.csv"
  }
}