{
  "benchmark": {
    "compute_units": "cpuAndGPU",
    "first_predict_ms": {
      "cos": 162.0352080790326,
      "fused": 133.5299579659477
    },
    "iterations": 10,
    "metrics": {
      "cos_vs_dump_full": {
        "candidate_samples": 72000,
        "correlation": 1.0,
        "cosine_similarity": 1.0,
        "max_abs_error": 0.0,
        "mean_abs_error": 0.0,
        "reference_samples": 72000,
        "rmse": 0.0,
        "samples_compared": 72000,
        "snr_db": 142.9444187745472
      },
      "cos_vs_dump_trimmed": {
        "candidate_samples": 67200,
        "correlation": 0.9999961868925267,
        "cosine_similarity": 0.9999965419206919,
        "max_abs_error": 0.012786865234375,
        "mean_abs_error": 9.83242506582845e-06,
        "reference_samples": 67200,
        "rmse": 0.0001423861832117895,
        "samples_compared": 67200,
        "snr_db": 51.601327941936844
      },
      "cos_vs_fused_full": {
        "candidate_samples": 72000,
        "correlation": 1.0,
        "cosine_similarity": 1.0,
        "max_abs_error": 0.0,
        "mean_abs_error": 0.0,
        "reference_samples": 72000,
        "rmse": 0.0,
        "samples_compared": 72000,
        "snr_db": 142.9444187745472
      },
      "cos_vs_fused_trimmed": {
        "candidate_samples": 67200,
        "correlation": 0.9999999999999999,
        "cosine_similarity": 1.0,
        "max_abs_error": 0.0,
        "mean_abs_error": 0.0,
        "reference_samples": 67200,
        "rmse": 0.0,
        "samples_compared": 67200,
        "snr_db": 142.94440774917823
      },
      "fused_vs_dump_full": {
        "candidate_samples": 72000,
        "correlation": 1.0,
        "cosine_similarity": 1.0,
        "max_abs_error": 0.0,
        "mean_abs_error": 0.0,
        "reference_samples": 72000,
        "rmse": 0.0,
        "samples_compared": 72000,
        "snr_db": 142.9444187745472
      },
      "fused_vs_dump_trimmed": {
        "candidate_samples": 67200,
        "correlation": 0.9999961868925267,
        "cosine_similarity": 0.9999965419206919,
        "max_abs_error": 0.012786865234375,
        "mean_abs_error": 9.83242506582845e-06,
        "reference_samples": 67200,
        "rmse": 0.0001423861832117895,
        "samples_compared": 67200,
        "snr_db": 51.601327941936844
      }
    },
    "speedup_vs_fused_pct": -0.07132531570098968,
    "warm_predict_median_ms": {
      "cos": 26.452645484823734,
      "fused": 26.433791499584913
    },
    "warm_predict_times_ms": {
      "cos": [
        26.45395800936967,
        26.394916931167245,
        26.503999950364232,
        26.479082996957004,
        26.381665957160294,
        26.360041927546263,
        26.452749967575073,
        26.41766599845141,
        26.452541002072394,
        26.468625059351325
      ],
      "fused": [
        26.34675009176135,
        26.44616598263383,
        26.41020796727389,
        26.44354198127985,
        26.4397079590708,
        26.3564579654485,
        26.34524996392429,
        26.427875040099025,
        26.58900001551956,
        26.461041998118162
      ]
    },
    "warmup": 3
  },
  "broadcast_adain": false,
  "cos_package": "outputs/generator_cos_snake/3s_fused_input_dtype_plain_fp16_inputs/kokoro_generator_cos_snake_3s_fused_input_dtype_plain_fp16_inputs.mlpackage",
  "cos_snake": false,
  "deployment_target": "macos13",
  "export": {
    "broadcast_adain": false,
    "cos_snake": false,
    "deployment_target": "macos13",
    "har_shape": [
      1,
      22,
      28801
    ],
    "har_time": null,
    "input_dtype": "fp16",
    "input_shape_mode": "fixed",
    "linear_quantize": null,
    "native_instance_norm_adain": false,
    "package": "outputs/generator_cos_snake/3s_fused_input_dtype_plain_fp16_inputs/kokoro_generator_cos_snake_3s_fused_input_dtype_plain_fp16_inputs.mlpackage",
    "palettize": false,
    "precision": "fp16",
    "ref_s_shape": [
      1,
      256
    ],
    "removed_dropouts": 0,
    "toolchain": {
      "coremltools": "8.3.0",
      "numpy": "1.26.4",
      "torch": "2.6.0"
    },
    "traced_samples": 72000,
    "x_pre_shape": [
      1,
      512,
      240
    ]
  },
  "fused_package": "coreml/kokoro_decoder_har_post_3s.mlpackage",
  "har_time": null,
  "input_dtype": "fp16",
  "input_shape_mode": "fixed",
  "linear_quantize": null,
  "manifest_metadata": {
    "bucket_seconds": 3,
    "canonical_duration_s": 2.8,
    "decoder_frame_count": 120,
    "duration_model": "padded_t64",
    "duration_model_allows_padding": true,
    "duration_token_length": 64,
    "executable": "kokoro-bench",
    "full_f0_len": 240,
    "har_expected_time": 28801,
    "hnsf_reference_command": "uv run --no-sync python scripts/validate_hnsf_swift.py generate",
    "input_key": "3s",
    "natural_frames": 112,
    "num_tokens": 44,
    "observed_audio_duration_s": 2.8,
    "producer": "swift",
    "seed": 42,
    "speed": 1,
    "t_frames": 120,
    "text": "The quick brown fox jumps over the dog.",
    "trim_len": 67200,
    "voice": "af_heart",
    "x_pre_expected_time": 240
  },
  "native_instance_norm_adain": false,
  "palettize": false,
  "passes": true,
  "report": "outputs/generator_cos_snake/3s_fused_input_dtype_plain_fp16_inputs/report_fp16_inputs_cpu_gpu.json",
  "tensor_dump": "outputs/generator_isolation/dumps/3s",
  "thresholds": {
    "max_abs_error": 0.01,
    "min_corr": 0.99,
    "min_snr": 35.0
  },
  "toolchain": {
    "coremltools": "8.3.0",
    "numpy": "1.26.4",
    "torch": "2.6.0"
  }
}
