{
  "benchmark": {
    "compute_units": "cpuAndGPU",
    "first_predict_ms": {
      "cos": 137.74558308068663,
      "fused": 181.28162494394928
    },
    "iterations": 10,
    "metrics": {
      "cos_vs_dump_full": {
        "candidate_samples": 240000,
        "correlation": 0.9999949137453756,
        "cosine_similarity": 0.9999955038151479,
        "max_abs_error": 0.002349853515625,
        "mean_abs_error": 8.621776029467583e-05,
        "reference_samples": 240000,
        "rmse": 0.00017289825075192508,
        "samples_compared": 240000,
        "snr_db": 50.45924128336353
      },
      "cos_vs_dump_trimmed": {
        "candidate_samples": 230400,
        "correlation": 0.9786241673502464,
        "cosine_similarity": 0.9811312069244514,
        "max_abs_error": 0.2529296875,
        "mean_abs_error": 0.001255225158452192,
        "reference_samples": 230400,
        "rmse": 0.011357725955199986,
        "samples_compared": 230400,
        "snr_db": 14.09991939446373
      },
      "cos_vs_fused_full": {
        "candidate_samples": 240000,
        "correlation": 0.9999949137453756,
        "cosine_similarity": 0.9999955038151479,
        "max_abs_error": 0.002349853515625,
        "mean_abs_error": 8.621776029467583e-05,
        "reference_samples": 240000,
        "rmse": 0.00017289825075192508,
        "samples_compared": 240000,
        "snr_db": 50.45924128336353
      },
      "cos_vs_fused_trimmed": {
        "candidate_samples": 230400,
        "correlation": 0.9999949102781406,
        "cosine_similarity": 0.9999955168712868,
        "max_abs_error": 0.002349853515625,
        "mean_abs_error": 8.892004093569186e-05,
        "reference_samples": 230400,
        "rmse": 0.00017595323183301428,
        "samples_compared": 230400,
        "snr_db": 50.47182292208406
      },
      "fused_vs_dump_full": {
        "candidate_samples": 240000,
        "correlation": 0.9999999999999999,
        "cosine_similarity": 1.0,
        "max_abs_error": 0.0,
        "mean_abs_error": 0.0,
        "reference_samples": 240000,
        "rmse": 0.0,
        "samples_compared": 240000,
        "snr_db": 149.0171656900302
      },
      "fused_vs_dump_trimmed": {
        "candidate_samples": 230400,
        "correlation": 0.9786301641066242,
        "cosine_similarity": 0.9811364378399404,
        "max_abs_error": 0.2529296875,
        "mean_abs_error": 0.0011687855154530493,
        "reference_samples": 230400,
        "rmse": 0.011356981807147335,
        "samples_compared": 230400,
        "snr_db": 14.10048850483307
      }
    },
    "speedup_vs_fused_pct": -0.15916653359032115,
    "warm_predict_median_ms": {
      "cos": 73.11395852593705,
      "fused": 72.99777050502598
    },
    "warm_predict_times_ms": {
      "cos": [
        72.95562489889562,
        73.06795800104737,
        73.1952500063926,
        73.047999991104,
        73.33683304022998,
        73.15995905082673,
        73.17787501960993,
        73.21620907168835,
        72.99241703003645,
        73.00520804710686
      ],
      "fused": [
        73.26874998398125,
        73.19141703192145,
        73.06791690643877,
        72.9805410373956,
        72.90441694203764,
        72.97829200979322,
        73.02245800383389,
        72.59670796338469,
        73.01499997265637,
        72.91274995077401
      ]
    },
    "warmup": 3
  },
  "broadcast_adain": false,
  "cos_package": "outputs/generator_cos_snake/10s_toolchain_ct9_plain_ios17/kokoro_generator_cos_snake_10s_toolchain_ct9_plain_ios17.mlpackage",
  "cos_snake": true,
  "deployment_target": "ios17",
  "export": {
    "broadcast_adain": false,
    "cos_snake": true,
    "deployment_target": "ios17",
    "har_shape": [
      1,
      22,
      96001
    ],
    "har_time": null,
    "input_shape_mode": "fixed",
    "linear_quantize": null,
    "native_instance_norm_adain": false,
    "package": "outputs/generator_cos_snake/10s_toolchain_ct9_plain_ios17/kokoro_generator_cos_snake_10s_toolchain_ct9_plain_ios17.mlpackage",
    "palettize": false,
    "precision": "fp16",
    "ref_s_shape": [
      1,
      256
    ],
    "removed_dropouts": 0,
    "toolchain": {
      "coremltools": "8.3.0",
      "numpy": "1.26.4",
      "torch": "2.6.0"
    },
    "traced_samples": 240000,
    "x_pre_shape": [
      1,
      512,
      800
    ]
  },
  "fused_package": "coreml/kokoro_decoder_har_post_10s.mlpackage",
  "har_time": null,
  "input_shape_mode": "fixed",
  "linear_quantize": null,
  "manifest_metadata": {
    "bucket_seconds": 10,
    "canonical_duration_s": 9.625,
    "decoder_frame_count": 400,
    "duration_model": "exact_t156",
    "duration_model_allows_padding": false,
    "duration_token_length": 156,
    "executable": "kokoro-bench",
    "full_f0_len": 800,
    "har_expected_time": 96001,
    "hnsf_reference_command": "uv run --no-sync python scripts/validate_hnsf_swift.py generate",
    "input_key": "10s",
    "natural_frames": 384,
    "num_tokens": 156,
    "observed_audio_duration_s": 9.6,
    "producer": "swift",
    "seed": 42,
    "speed": 1,
    "t_frames": 400,
    "text": "At the edge of the harbor, the engineer watched the status display while the model warmed, measured, and returned clean audio before the next request arrived.",
    "trim_len": 230400,
    "voice": "af_heart",
    "x_pre_expected_time": 800
  },
  "native_instance_norm_adain": false,
  "palettize": false,
  "passes": true,
  "report": "outputs/generator_cos_snake/10s_toolchain_ct9_plain_ios17/report_ct9_plain_ios17.json",
  "tensor_dump": "outputs/generator_isolation/dumps/10s",
  "thresholds": {
    "max_abs_error": 0.01,
    "min_corr": 0.99,
    "min_snr": 35.0
  },
  "toolchain": {
    "coremltools": "8.3.0",
    "numpy": "1.26.4",
    "torch": "2.6.0"
  }
}
