{
  "benchmark": {
    "compute_units": "cpuAndGPU",
    "first_predict_ms": {
      "cos": 102.80400002375245,
      "fused": 140.27724997140467
    },
    "iterations": 10,
    "metrics": {
      "cos_vs_dump_full": {
        "candidate_samples": 72000,
        "correlation": 0.9998799217569441,
        "cosine_similarity": 0.9998907094378624,
        "max_abs_error": 0.010040283203125,
        "mean_abs_error": 0.0003966018474764294,
        "reference_samples": 72000,
        "rmse": 0.0007796767562613116,
        "samples_compared": 72000,
        "snr_db": 36.53280206577361
      },
      "cos_vs_dump_trimmed": {
        "candidate_samples": 67200,
        "correlation": 0.9998753498789045,
        "cosine_similarity": 0.9998872986489681,
        "max_abs_error": 0.01280975341796875,
        "mean_abs_error": 0.00043374940376826506,
        "reference_samples": 67200,
        "rmse": 0.0008193794422596259,
        "samples_compared": 67200,
        "snr_db": 36.40098364429689
      },
      "cos_vs_fused_full": {
        "candidate_samples": 72000,
        "correlation": 0.9998812447768297,
        "cosine_similarity": 0.999891913876222,
        "max_abs_error": 0.009857177734375,
        "mean_abs_error": 0.00039554671032561195,
        "reference_samples": 72000,
        "rmse": 0.0007759302593880785,
        "samples_compared": 72000,
        "snr_db": 36.5739277345087
      },
      "cos_vs_fused_trimmed": {
        "candidate_samples": 67200,
        "correlation": 0.9998804191948102,
        "cosine_similarity": 0.9998919151507666,
        "max_abs_error": 0.009857177734375,
        "mean_abs_error": 0.0004233985970772448,
        "reference_samples": 67200,
        "rmse": 0.0008031589162982428,
        "samples_compared": 67200,
        "snr_db": 36.573973001283775
      },
      "fused_vs_dump_full": {
        "candidate_samples": 72000,
        "correlation": 0.9999957381403468,
        "cosine_similarity": 0.9999961210842281,
        "max_abs_error": 0.002197265625,
        "mean_abs_error": 5.886030776633157e-05,
        "reference_samples": 72000,
        "rmse": 0.0001457455209465268,
        "samples_compared": 72000,
        "snr_db": 51.09918946955912
      },
      "fused_vs_dump_trimmed": {
        "candidate_samples": 67200,
        "correlation": 0.9999918943139101,
        "cosine_similarity": 0.9999926615284004,
        "max_abs_error": 0.012786865234375,
        "mean_abs_error": 7.279354132157729e-05,
        "reference_samples": 67200,
        "rmse": 0.00020745611895382697,
        "samples_compared": 67200,
        "snr_db": 48.33215993530577
      }
    },
    "speedup_vs_fused_pct": -2.781382609040349,
    "warm_predict_median_ms": {
      "cos": 25.92277101939544,
      "fused": 25.221270974725485
    },
    "warm_predict_times_ms": {
      "cos": [
        26.047833962365985,
        25.817207992076874,
        25.927042006514966,
        25.935957906767726,
        25.865082978270948,
        25.918500032275915,
        26.045665959827602,
        25.893333018757403,
        26.048375060781837,
        25.902166962623596
      ],
      "fused": [
        25.21174994762987,
        25.235457927919924,
        25.176500086672604,
        25.244958931580186,
        25.144999963231385,
        25.092791067436337,
        25.295166997238994,
        25.2307920018211,
        25.405291002243757,
        25.192374945618212
      ]
    },
    "warmup": 3
  },
  "broadcast_adain": true,
  "cos_package": "outputs/generator_cos_snake/3s_native_broadcast_fp16_pal8_ups_as_conv_vs_rewrite_plain_broadcast_adain_native_in_pal8_fp16_inputs_ups_as_conv_ios17/kokoro_generator_cos_snake_3s_native_broadcast_fp16_pal8_ups_as_conv_vs_rewrite_plain_broadcast_adain_native_in_pal8_fp16_inputs_ups_as_conv_ios17.mlpackage",
  "cos_snake": false,
  "deployment_target": "ios17",
  "export": {
    "broadcast_adain": true,
    "cos_snake": false,
    "deployment_target": "ios17",
    "har_shape": [
      1,
      22,
      28801
    ],
    "har_time": null,
    "input_dtype": "fp16",
    "input_shape_mode": "fixed",
    "linear_quantize": null,
    "native_instance_norm_adain": true,
    "package": "outputs/generator_cos_snake/3s_native_broadcast_fp16_pal8_ups_as_conv_vs_rewrite_plain_broadcast_adain_native_in_pal8_fp16_inputs_ups_as_conv_ios17/kokoro_generator_cos_snake_3s_native_broadcast_fp16_pal8_ups_as_conv_vs_rewrite_plain_broadcast_adain_native_in_pal8_fp16_inputs_ups_as_conv_ios17.mlpackage",
    "palettize": true,
    "precision": "fp16",
    "ref_s_shape": [
      1,
      256
    ],
    "removed_dropouts": 0,
    "rewrite_ups_conv_transpose": true,
    "rewritten_ups_conv_transpose": 2,
    "toolchain": {
      "coremltools": "8.3.0",
      "numpy": "1.26.4",
      "torch": "2.6.0"
    },
    "traced_samples": 72000,
    "x_pre_shape": [
      1,
      512,
      240
    ]
  },
  "fused_package": "outputs/export_rewrite_smoke/kokoro_decoder_har_post_3s.mlpackage",
  "har_time": null,
  "input_dtype": "fp16",
  "input_shape_mode": "fixed",
  "linear_quantize": null,
  "manifest_metadata": {
    "bucket_seconds": 3,
    "canonical_duration_s": 2.8,
    "decoder_frame_count": 120,
    "duration_model": "padded_t64",
    "duration_model_allows_padding": true,
    "duration_token_length": 64,
    "executable": "kokoro-bench",
    "full_f0_len": 240,
    "har_expected_time": 28801,
    "hnsf_reference_command": "uv run --no-sync python scripts/validate_hnsf_swift.py generate",
    "input_key": "3s",
    "natural_frames": 112,
    "num_tokens": 44,
    "observed_audio_duration_s": 2.8,
    "producer": "swift",
    "seed": 42,
    "speed": 1,
    "t_frames": 120,
    "text": "The quick brown fox jumps over the dog.",
    "trim_len": 67200,
    "voice": "af_heart",
    "x_pre_expected_time": 240
  },
  "native_instance_norm_adain": true,
  "palettize": true,
  "passes": true,
  "report": "outputs/generator_cos_snake/3s_native_broadcast_fp16_pal8_ups_as_conv_vs_rewrite_plain_broadcast_adain_native_in_pal8_fp16_inputs_ups_as_conv_ios17/report_cpu_gpu_vs_rewrite.json",
  "rewrite_ups_conv_transpose": true,
  "tensor_dump": "outputs/generator_isolation/dumps/3s",
  "thresholds": {
    "max_abs_error": 0.01,
    "min_corr": 0.99,
    "min_snr": 35.0
  },
  "toolchain": {
    "coremltools": "8.3.0",
    "numpy": "1.26.4",
    "torch": "2.6.0"
  }
}
