{
  "benchmark": {
    "compute_units": "cpuAndGPU",
    "first_predict_ms": {
      "cos": 1100.2055840799585,
      "fused": 172.25537495687604
    },
    "iterations": 10,
    "metrics": {
      "cos_vs_dump_full": {
        "candidate_samples": 168000,
        "correlation": 0.999995251016504,
        "cosine_similarity": 0.9999957880244075,
        "max_abs_error": 0.0020751953125,
        "mean_abs_error": 8.022418902033851e-05,
        "reference_samples": 168000,
        "rmse": 0.00015919466152619416,
        "samples_compared": 168000,
        "snr_db": 50.744642826687134
      },
      "cos_vs_dump_trimmed": {
        "candidate_samples": 162000,
        "correlation": 0.9999952244256514,
        "cosine_similarity": 0.9999957839892827,
        "max_abs_error": 0.0020751953125,
        "mean_abs_error": 8.324518544377132e-05,
        "reference_samples": 162000,
        "rmse": 0.0001621933453807723,
        "samples_compared": 162000,
        "snr_db": 50.74048430513496
      },
      "cos_vs_fused_full": {
        "candidate_samples": 168000,
        "correlation": 0.999995251016504,
        "cosine_similarity": 0.9999957880244075,
        "max_abs_error": 0.0020751953125,
        "mean_abs_error": 8.022418902033851e-05,
        "reference_samples": 168000,
        "rmse": 0.00015919466152619416,
        "samples_compared": 168000,
        "snr_db": 50.744642826687134
      },
      "cos_vs_fused_trimmed": {
        "candidate_samples": 162000,
        "correlation": 0.9999952290234165,
        "cosine_similarity": 0.9999957880569499,
        "max_abs_error": 0.0020751953125,
        "mean_abs_error": 8.314794522744639e-05,
        "reference_samples": 162000,
        "rmse": 0.00016211508468724412,
        "samples_compared": 162000,
        "snr_db": 50.74467642243341
      },
      "fused_vs_dump_full": {
        "candidate_samples": 168000,
        "correlation": 1.0,
        "cosine_similarity": 1.0000000000000002,
        "max_abs_error": 0.0,
        "mean_abs_error": 0.0,
        "reference_samples": 168000,
        "rmse": 0.0,
        "samples_compared": 168000,
        "snr_db": 147.03630564307554
      },
      "fused_vs_dump_trimmed": {
        "candidate_samples": 162000,
        "correlation": 0.9999999953928623,
        "cosine_similarity": 0.9999999959318236,
        "max_abs_error": 0.0005974769592285156,
        "mean_abs_error": 9.799649011460533e-08,
        "reference_samples": 162000,
        "rmse": 5.038162983951974e-06,
        "samples_compared": 162000,
        "snr_db": 80.89569962682444
      }
    },
    "speedup_vs_fused_pct": 3.4215322068572154,
    "warm_predict_median_ms": {
      "cos": 52.05291655147448,
      "fused": 53.89702046522871
    },
    "warm_predict_times_ms": {
      "cos": [
        51.98487499728799,
        51.96841689758003,
        52.43054102174938,
        52.406291011720896,
        52.13766696397215,
        52.08629206754267,
        51.98412493336946,
        52.1789580816403,
        52.01954103540629,
        51.93062499165535
      ],
      "fused": [
        53.939832956530154,
        53.83862508460879,
        54.533708025701344,
        54.352749953977764,
        53.90229099430144,
        53.99250006303191,
        53.86554100550711,
        53.75729105435312,
        53.891749936155975,
        53.75858303159475
      ]
    },
    "warmup": 3
  },
  "broadcast_adain": true,
  "cos_package": "outputs/generator_cos_snake/7s_cos_native_broadcast_fp16_inputs_broadcast_adain_native_in_fp16_inputs_ups_as_conv_ios17/kokoro_generator_cos_snake_7s_cos_native_broadcast_fp16_inputs_broadcast_adain_native_in_fp16_inputs_ups_as_conv_ios17.mlpackage",
  "cos_snake": true,
  "deployment_target": "ios17",
  "export": {
    "broadcast_adain": true,
    "cos_snake": true,
    "deployment_target": "ios17",
    "har_shape": [
      1,
      22,
      67201
    ],
    "har_time": null,
    "input_dtype": "fp16",
    "input_shape_mode": "fixed",
    "linear_quantize": null,
    "native_instance_norm_adain": true,
    "package": "outputs/generator_cos_snake/7s_cos_native_broadcast_fp16_inputs_broadcast_adain_native_in_fp16_inputs_ups_as_conv_ios17/kokoro_generator_cos_snake_7s_cos_native_broadcast_fp16_inputs_broadcast_adain_native_in_fp16_inputs_ups_as_conv_ios17.mlpackage",
    "palettize": false,
    "precision": "fp16",
    "ref_s_shape": [
      1,
      256
    ],
    "removed_dropouts": 0,
    "rewrite_ups_conv_transpose": true,
    "rewritten_ups_conv_transpose": 2,
    "toolchain": {
      "coremltools": "8.3.0",
      "numpy": "1.26.4",
      "torch": "2.6.0"
    },
    "traced_samples": 168000,
    "x_pre_shape": [
      1,
      512,
      560
    ]
  },
  "fused_package": "coreml/kokoro_decoder_har_post_7s.mlpackage",
  "har_time": null,
  "input_dtype": "fp16",
  "input_shape_mode": "fixed",
  "linear_quantize": null,
  "manifest_metadata": {
    "bucket_seconds": 7,
    "canonical_duration_s": 6.75,
    "decoder_frame_count": 280,
    "duration_model": "padded_t128",
    "duration_model_allows_padding": true,
    "duration_token_length": 128,
    "executable": "kokoro-bench",
    "full_f0_len": 560,
    "har_expected_time": 67201,
    "hnsf_reference_command": "uv run --no-sync python scripts/validate_hnsf_swift.py generate",
    "input_key": "7s",
    "natural_frames": 270,
    "num_tokens": 105,
    "observed_audio_duration_s": 6.75,
    "producer": "swift",
    "seed": 42,
    "speed": 1,
    "t_frames": 280,
    "text": "The morning sun cast long shadows across the garden as birds began their chorus in the ancient oak tree.",
    "trim_len": 162000,
    "voice": "af_heart",
    "x_pre_expected_time": 560
  },
  "native_instance_norm_adain": true,
  "palettize": false,
  "passes": true,
  "report": "outputs/generator_cos_snake/7s_cos_native_broadcast_fp16_inputs_broadcast_adain_native_in_fp16_inputs_ups_as_conv_ios17/report_ios17_cos_native_broadcast_fp16_ups_as_conv_cpu_gpu.json",
  "rewrite_ups_conv_transpose": true,
  "tensor_dump": "outputs/generator_isolation/dumps/7s",
  "thresholds": {
    "max_abs_error": 0.01,
    "min_corr": 0.99,
    "min_snr": 35.0
  },
  "toolchain": {
    "coremltools": "8.3.0",
    "numpy": "1.26.4",
    "torch": "2.6.0"
  }
}
