{"linear_weights": [-0.08154186606407166, -0.1851966679096222, -0.18263398110866547, -0.17837205529212952, -0.09873894602060318, 0.0826403945684433, 0.08743999153375626, -0.39068546891212463, -0.5477443337440491], "linear_bias": -0.02945026010274887, "weights_sha256": "25a471a6fc81fc9c5ff7c46e4be9d9ec3710dbbfea6e121a99fac75e4a97ad99"}