{
  "benchmark": {
    "compute_units": "cpuAndGPU",
    "first_predict_ms": {
      "fused": 164.74933305289596,
      "style_specialized": 536.725457990542
    },
    "iterations": 10,
    "metrics": {
      "fused_vs_dump_full": {
        "candidate_samples": 72000,
        "correlation": 1.0,
        "cosine_similarity": 1.0,
        "max_abs_error": 0.0,
        "mean_abs_error": 0.0,
        "reference_samples": 72000,
        "rmse": 0.0,
        "samples_compared": 72000,
        "snr_db": 142.9444187745472
      },
      "fused_vs_dump_trimmed": {
        "candidate_samples": 67200,
        "correlation": 0.9999961868925267,
        "cosine_similarity": 0.9999965419206919,
        "max_abs_error": 0.012786865234375,
        "mean_abs_error": 9.83242506582845e-06,
        "reference_samples": 67200,
        "rmse": 0.0001423861832117895,
        "samples_compared": 67200,
        "snr_db": 51.601327941936844
      },
      "style_vs_dump_full": {
        "candidate_samples": 72000,
        "correlation": 0.9999936309436667,
        "cosine_similarity": 0.9999942026239904,
        "max_abs_error": 0.00238037109375,
        "mean_abs_error": 7.871710922982958e-05,
        "reference_samples": 72000,
        "rmse": 0.00017812298665318113,
        "samples_compared": 72000,
        "snr_db": 49.356694438444364
      },
      "style_vs_dump_trimmed": {
        "candidate_samples": 67200,
        "correlation": 0.9999897718300863,
        "cosine_similarity": 0.9999907478980526,
        "max_abs_error": 0.01279449462890625,
        "mean_abs_error": 9.405768904458223e-05,
        "reference_samples": 67200,
        "rmse": 0.0002329153369688204,
        "samples_compared": 67200,
        "snr_db": 47.32672317801593
      },
      "style_vs_fused_full": {
        "candidate_samples": 72000,
        "correlation": 0.9999936309436667,
        "cosine_similarity": 0.9999942026239904,
        "max_abs_error": 0.00238037109375,
        "mean_abs_error": 7.871710922982958e-05,
        "reference_samples": 72000,
        "rmse": 0.00017812298665318113,
        "samples_compared": 72000,
        "snr_db": 49.356694438444364
      },
      "style_vs_fused_trimmed": {
        "candidate_samples": 67200,
        "correlation": 0.9999935866356033,
        "cosine_similarity": 0.9999942026539335,
        "max_abs_error": 0.00238037109375,
        "mean_abs_error": 8.42752538266636e-05,
        "reference_samples": 67200,
        "rmse": 0.00018437409799355032,
        "samples_compared": 67200,
        "snr_db": 49.35671684384057
      }
    },
    "speedup_vs_fused_pct": -1.9822401740047197,
    "warm_predict_median_ms": {
      "fused": 31.325041491072625,
      "style_specialized": 31.945979048032314
    },
    "warm_predict_times_ms": {
      "fused": [
        32.35287498682737,
        31.235208036378026,
        30.447499942965806,
        31.46812494378537,
        31.65841707959771,
        31.703541986644268,
        31.249166000634432,
        31.389332958497107,
        30.87487502489239,
        31.260750023648143
      ],
      "style_specialized": [
        32.06562506966293,
        32.639708020724356,
        31.8054580129683,
        32.57933398708701,
        32.52820891793817,
        32.33087505213916,
        30.815833946689963,
        31.54979203827679,
        31.8263330264017,
        31.0070829000324
      ]
    },
    "warmup": 3
  },
  "export": {
    "frozen_adain_count": 48,
    "har_shape": [
      1,
      22,
      28801
    ],
    "package": "outputs/generator_style_specialization/3s/kokoro_generator_style_specialized_3s.mlpackage",
    "precision": "fp16",
    "removed_dropouts": 0,
    "traced_samples": 72000,
    "x_pre_shape": [
      1,
      512,
      240
    ]
  },
  "fused_package": "coreml/kokoro_decoder_har_post_3s.mlpackage",
  "manifest_metadata": {
    "bucket_seconds": 3,
    "canonical_duration_s": 2.8,
    "decoder_frame_count": 120,
    "duration_model": "padded_t64",
    "duration_model_allows_padding": true,
    "duration_token_length": 64,
    "executable": "kokoro-bench",
    "full_f0_len": 240,
    "har_expected_time": 28801,
    "hnsf_reference_command": "uv run --no-sync python scripts/validate_hnsf_swift.py generate",
    "input_key": "3s",
    "natural_frames": 112,
    "num_tokens": 44,
    "observed_audio_duration_s": 2.8,
    "producer": "swift",
    "seed": 42,
    "speed": 1,
    "t_frames": 120,
    "text": "The quick brown fox jumps over the dog.",
    "trim_len": 67200,
    "voice": "af_heart",
    "x_pre_expected_time": 240
  },
  "passes": true,
  "report": "outputs/generator_style_specialization/3s/report.json",
  "style_package": "outputs/generator_style_specialization/3s/kokoro_generator_style_specialized_3s.mlpackage",
  "tensor_dump": "outputs/generator_isolation/dumps/3s",
  "thresholds": {
    "max_abs_error": 0.01,
    "min_corr": 0.99,
    "min_snr": 35.0
  }
}
