{
  "benchmark": {
    "compute_units": "cpuAndGPU",
    "first_predict_ms": {
      "fused": 235.2741250069812,
      "style_specialized": 484.4798749545589
    },
    "iterations": 10,
    "metrics": {
      "fused_vs_dump_full": {
        "candidate_samples": 72000,
        "correlation": 0.9999957312205272,
        "cosine_similarity": 0.9999961147771572,
        "max_abs_error": 0.0029296875,
        "mean_abs_error": 5.937828206353717e-05,
        "reference_samples": 72000,
        "rmse": 0.00014581640690819797,
        "samples_compared": 72000,
        "snr_db": 51.09496595755107
      },
      "fused_vs_dump_trimmed": {
        "candidate_samples": 67200,
        "correlation": 0.9999918876365135,
        "cosine_similarity": 0.999992656362479,
        "max_abs_error": 0.012786865234375,
        "mean_abs_error": 7.335753874210397e-05,
        "reference_samples": 67200,
        "rmse": 0.00020750416129297413,
        "samples_compared": 67200,
        "snr_db": 48.33014870446093
      },
      "style_vs_dump_full": {
        "candidate_samples": 72000,
        "correlation": 0.9999938145268679,
        "cosine_similarity": 0.9999943699745328,
        "max_abs_error": 0.002361297607421875,
        "mean_abs_error": 7.674942165613174e-05,
        "reference_samples": 72000,
        "rmse": 0.00017553446325668364,
        "samples_compared": 72000,
        "snr_db": 49.483845895621236
      },
      "style_vs_dump_trimmed": {
        "candidate_samples": 67200,
        "correlation": 0.9999899580265108,
        "cosine_similarity": 0.9999909151439922,
        "max_abs_error": 0.01279449462890625,
        "mean_abs_error": 9.195267739550722e-05,
        "reference_samples": 67200,
        "rmse": 0.00023080161668988342,
        "samples_compared": 67200,
        "snr_db": 47.40590798277289
      },
      "style_vs_fused_full": {
        "candidate_samples": 72000,
        "correlation": 0.999994149948932,
        "cosine_similarity": 0.9999946753276617,
        "max_abs_error": 0.00244140625,
        "mean_abs_error": 7.296599944432577e-05,
        "reference_samples": 72000,
        "rmse": 0.00017069977719593238,
        "samples_compared": 72000,
        "snr_db": 49.72668154888425
      },
      "style_vs_fused_trimmed": {
        "candidate_samples": 67200,
        "correlation": 0.9999941092269317,
        "cosine_similarity": 0.9999946753568534,
        "max_abs_error": 0.00244140625,
        "mean_abs_error": 7.811510048451878e-05,
        "reference_samples": 67200,
        "rmse": 0.0001766903473806319,
        "samples_compared": 67200,
        "snr_db": 49.72670534305401
      }
    },
    "speedup_vs_fused_pct": -1.8241224689117146,
    "warm_predict_median_ms": {
      "fused": 120.83664553938434,
      "style_specialized": 123.04085394134745
    },
    "warm_predict_times_ms": {
      "fused": [
        120.50349998753518,
        120.23100000806153,
        121.01870798505843,
        121.3793340139091,
        120.83975004497916,
        120.68429193459451,
        120.93962507788092,
        120.9110839990899,
        120.75279199052602,
        120.83354103378952
      ],
      "style_specialized": [
        122.0810409868136,
        122.26658291183412,
        124.1622919915244,
        124.66095795389265,
        123.1602500192821,
        123.02058294881135,
        123.0122500564903,
        122.08091700449586,
        123.24083305429667,
        123.06112493388355
      ]
    },
    "warmup": 3
  },
  "export": null,
  "fused_package": "coreml/kokoro_decoder_har_post_3s.mlpackage",
  "manifest_metadata": {
    "bucket_seconds": 3,
    "canonical_duration_s": 2.8,
    "decoder_frame_count": 120,
    "duration_model": "padded_t64",
    "duration_model_allows_padding": true,
    "duration_token_length": 64,
    "executable": "kokoro-bench",
    "full_f0_len": 240,
    "har_expected_time": 28801,
    "hnsf_reference_command": "uv run --no-sync python scripts/validate_hnsf_swift.py generate",
    "input_key": "3s",
    "natural_frames": 112,
    "num_tokens": 44,
    "observed_audio_duration_s": 2.8,
    "producer": "swift",
    "seed": 42,
    "speed": 1,
    "t_frames": 120,
    "text": "The quick brown fox jumps over the dog.",
    "trim_len": 67200,
    "voice": "af_heart",
    "x_pre_expected_time": 240
  },
  "passes": true,
  "report": "outputs/generator_style_specialization/3s/report_m2air.json",
  "style_package": "outputs/generator_style_specialization/3s/kokoro_generator_style_specialized_3s.mlpackage",
  "tensor_dump": "outputs/generator_isolation/dumps/3s",
  "thresholds": {
    "max_abs_error": 0.01,
    "min_corr": 0.99,
    "min_snr": 35.0
  }
}
