{
  "benchmark": {
    "compute_units": "cpuAndGPU",
    "first_predict_ms": {
      "fused": 258.88729095458984,
      "style_specialized": 587.0230840519071
    },
    "iterations": 10,
    "metrics": {
      "fused_vs_dump_full": {
        "candidate_samples": 72000,
        "correlation": 0.9999956965664488,
        "cosine_similarity": 0.9999960831282629,
        "max_abs_error": 0.0023193359375,
        "mean_abs_error": 6.0539020432366266e-05,
        "reference_samples": 72000,
        "rmse": 0.00014639938340690227,
        "samples_compared": 72000,
        "snr_db": 51.06030885542407
      },
      "fused_vs_dump_trimmed": {
        "candidate_samples": 67200,
        "correlation": 0.999991854753929,
        "cosine_similarity": 0.9999926282196869,
        "max_abs_error": 0.01277923583984375,
        "mean_abs_error": 7.460777011456257e-05,
        "reference_samples": 67200,
        "rmse": 0.0002078912372920899,
        "samples_compared": 67200,
        "snr_db": 48.31396123395328
      },
      "style_vs_dump_full": {
        "candidate_samples": 72000,
        "correlation": 0.9999938088609676,
        "cosine_similarity": 0.9999943649755942,
        "max_abs_error": 0.002353668212890625,
        "mean_abs_error": 7.691478894816505e-05,
        "reference_samples": 72000,
        "rmse": 0.00017562845132390654,
        "samples_compared": 72000,
        "snr_db": 49.47919637276775
      },
      "style_vs_dump_trimmed": {
        "candidate_samples": 67200,
        "correlation": 0.9999899537640072,
        "cosine_similarity": 0.9999909103728004,
        "max_abs_error": 0.012786865234375,
        "mean_abs_error": 9.2127666757794e-05,
        "reference_samples": 67200,
        "rmse": 0.0002308769991760121,
        "samples_compared": 67200,
        "snr_db": 47.40307153361414
      },
      "style_vs_fused_full": {
        "candidate_samples": 72000,
        "correlation": 0.9999940855004407,
        "cosine_similarity": 0.9999946168815497,
        "max_abs_error": 0.0029296875,
        "mean_abs_error": 7.403179672029283e-05,
        "reference_samples": 72000,
        "rmse": 0.00017165964588506676,
        "samples_compared": 72000,
        "snr_db": 49.67772448561871
      },
      "style_vs_fused_trimmed": {
        "candidate_samples": 67200,
        "correlation": 0.9999940443078307,
        "cosine_similarity": 0.9999946169073162,
        "max_abs_error": 0.0029296875,
        "mean_abs_error": 7.92589836886951e-05,
        "reference_samples": 67200,
        "rmse": 0.00017768396451444654,
        "samples_compared": 67200,
        "snr_db": 49.67774522237388
      }
    },
    "speedup_vs_fused_pct": -1.790353510439753,
    "warm_predict_median_ms": {
      "fused": 167.79741656500846,
      "style_specialized": 170.8015835029073
    },
    "warm_predict_times_ms": {
      "fused": [
        167.75937494821846,
        167.82633308321238,
        168.03004208486527,
        167.70625009667128,
        168.1322919903323,
        167.76850004680455,
        167.9319590330124,
        167.69608401227742,
        167.74699999950826,
        167.88083303254098
      ],
      "style_specialized": [
        170.7035000436008,
        171.7204579617828,
        170.8704170305282,
        170.45462504029274,
        171.465374995023,
        170.71520793251693,
        170.80545902717859,
        172.07283293828368,
        170.79770797863603,
        170.6141249742359
      ]
    },
    "warmup": 3
  },
  "export": null,
  "fused_package": "coreml/kokoro_decoder_har_post_3s.mlpackage",
  "manifest_metadata": {
    "bucket_seconds": 3,
    "canonical_duration_s": 2.8,
    "decoder_frame_count": 120,
    "duration_model": "padded_t64",
    "duration_model_allows_padding": true,
    "duration_token_length": 64,
    "executable": "kokoro-bench",
    "full_f0_len": 240,
    "har_expected_time": 28801,
    "hnsf_reference_command": "uv run --no-sync python scripts/validate_hnsf_swift.py generate",
    "input_key": "3s",
    "natural_frames": 112,
    "num_tokens": 44,
    "observed_audio_duration_s": 2.8,
    "producer": "swift",
    "seed": 42,
    "speed": 1,
    "t_frames": 120,
    "text": "The quick brown fox jumps over the dog.",
    "trim_len": 67200,
    "voice": "af_heart",
    "x_pre_expected_time": 240
  },
  "passes": true,
  "report": "outputs/generator_style_specialization/3s/report_irvine.json",
  "style_package": "outputs/generator_style_specialization/3s/kokoro_generator_style_specialized_3s.mlpackage",
  "tensor_dump": "outputs/generator_isolation/dumps/3s",
  "thresholds": {
    "max_abs_error": 0.01,
    "min_corr": 0.99,
    "min_snr": 35.0
  }
}
