{
  "benchmark": {
    "body_compute_units": "cpuAndGPU",
    "decoder_pre_compute_units": "cpuAndNeuralEngine",
    "first_predict_ms": {
      "baseline_decoder_pre": 6.652040989138186,
      "baseline_generator": 235.41825008578598,
      "baseline_total": 242.07029107492417,
      "candidate_body": 463.8615839648992,
      "candidate_noise": 235.7089170254767,
      "candidate_tail": 12.914624996483326,
      "candidate_total": 712.4851259868592
    },
    "fused_compute_units": "cpuAndGPU",
    "iterations": 5,
    "metrics": {
      "baseline_vs_dump_trimmed": {
        "candidate_samples": 67200,
        "correlation": 0.999991854753929,
        "cosine_similarity": 0.9999926282196869,
        "max_abs_error": 0.01277923583984375,
        "mean_abs_error": 7.460777011456257e-05,
        "reference_samples": 67200,
        "rmse": 0.0002078912372920899,
        "samples_compared": 67200,
        "snr_db": 48.31396123395328
      },
      "candidate_vs_baseline_trimmed": {
        "candidate_samples": 67200,
        "correlation": 0.9318010730598894,
        "cosine_similarity": 0.9384672230101895,
        "max_abs_error": 0.23731941729784012,
        "mean_abs_error": 0.00858302481013048,
        "reference_samples": 67200,
        "rmse": 0.01880330740435592,
        "samples_compared": 67200,
        "snr_db": 9.186025015775979
      },
      "candidate_vs_dump_trimmed": {
        "candidate_samples": 67200,
        "correlation": 0.9318433118899331,
        "cosine_similarity": 0.9385017011447295,
        "max_abs_error": 0.23756355792284012,
        "mean_abs_error": 0.008587452394613128,
        "reference_samples": 67200,
        "rmse": 0.018798389889344635,
        "samples_compared": 67200,
        "snr_db": 9.188271858202663
      }
    },
    "noise_compute_units": "all",
    "tail_compute_units": "all",
    "toolchain": {
      "coremltools": "8.3.0",
      "numpy": "1.26.4",
      "torch": "2.6.0"
    },
    "warm_predict_median_ms": {
      "baseline_decoder_pre": 6.70312496367842,
      "baseline_generator": 167.94070799369365,
      "baseline_total": 174.49129093438387,
      "candidate_body": 117.45766690000892,
      "candidate_noise": 39.821416954509914,
      "candidate_tail": 4.732833011075854,
      "candidate_total": 161.6691667586565
    },
    "warm_predict_times_ms": {
      "baseline_decoder_pre": [
        3.3811660250648856,
        7.571791997179389,
        4.183541052043438,
        6.70312496367842,
        6.745874998159707
      ],
      "baseline_generator": [
        167.1100000385195,
        168.7852080212906,
        168.55562501586974,
        167.78816597070545,
        167.94070799369365
      ],
      "baseline_total": [
        170.4911660635844,
        176.35700001847,
        172.73916606791317,
        174.49129093438387,
        174.68658299185336
      ],
      "candidate_body": [
        116.47925002034754,
        117.52362491097301,
        116.78375001065433,
        117.45766690000892,
        118.04800003301352
      ],
      "candidate_noise": [
        39.614041917957366,
        39.821416954509914,
        39.86408410128206,
        39.725083974190056,
        40.49004195258021
      ],
      "candidate_tail": [
        5.3102499805390835,
        4.324124893173575,
        4.732833011075854,
        4.690708010457456,
        5.005332990549505
      ],
      "candidate_total": [
        161.40354191884398,
        161.6691667586565,
        161.38066712301224,
        161.87345888465643,
        163.54337497614324
      ]
    },
    "warmup": 2
  },
  "body_package": "outputs/f0_noise_exact_shape/3s_padded_native_in_nopal_cos_rsqrt_native_in/kokoro_f0_noise_body_3s_padded_native_in_nopal_cos_rsqrt_native_in.mlpackage",
  "decoder_pre_package": "coreml/kokoro_decoder_pre_3s.mlpackage",
  "export": null,
  "fused_package": "coreml/kokoro_decoder_har_post_3s.mlpackage",
  "manifest_metadata": {
    "bucket_seconds": 3,
    "canonical_duration_s": 2.8,
    "decoder_frame_count": 120,
    "duration_model": "padded_t64",
    "duration_model_allows_padding": true,
    "duration_token_length": 64,
    "executable": "kokoro-bench",
    "full_f0_len": 240,
    "har_expected_time": 28801,
    "hnsf_reference_command": "uv run --no-sync python scripts/validate_hnsf_swift.py generate",
    "input_key": "3s",
    "natural_frames": 112,
    "num_tokens": 44,
    "observed_audio_duration_s": 2.8,
    "producer": "swift",
    "seed": 42,
    "speed": 1,
    "t_frames": 120,
    "text": "The quick brown fox jumps over the dog.",
    "trim_len": 67200,
    "voice": "af_heart",
    "x_pre_expected_time": 240
  },
  "noise_package": "outputs/f0_noise_exact_shape/3s_padded_native_in_nopal_cos_rsqrt_native_in/kokoro_f0_noise_3s_padded_native_in_nopal_cos_rsqrt_native_in.mlpackage",
  "passes": false,
  "report": "outputs/f0_noise_exact_shape/3s_padded_native_in_nopal_cos_rsqrt_native_in/report_native_in_nopal_irvine.json",
  "speedup_vs_baseline_pct": 7.348288907180491,
  "tail_package": "outputs/f0_noise_exact_shape/3s_padded_native_in_nopal_cos_rsqrt_native_in/kokoro_f0_noise_tail_3s_padded_native_in_nopal_cos_rsqrt_native_in.mlpackage",
  "tensor_dump": "outputs/generator_isolation/dumps/3s",
  "thresholds": {
    "max_abs_error": 0.01,
    "min_corr": 0.99,
    "min_snr": 35.0
  }
}
