{
  "baseline_dir": "coreml",
  "candidate_dir": "outputs/export_rewrite_smoke",
  "compute_units": "cpuAndGPU",
  "dump_dir": "outputs/generator_isolation/dumps",
  "rows": [
    {
      "baseline_package": "coreml/kokoro_decoder_har_post_3s.mlpackage",
      "bucket": "3s",
      "candidate_package": "outputs/export_rewrite_smoke/kokoro_decoder_har_post_3s.mlpackage",
      "compute_units": "cpuAndGPU",
      "first_predict_ms": {
        "baseline": 133.23845795821398,
        "candidate": 86.52712497860193
      },
      "iterations": 10,
      "metrics_candidate_vs_baseline_trimmed": {
        "candidate_samples": 67200,
        "correlation": 0.9999957084781588,
        "cosine_similarity": 0.9999961211246389,
        "max_abs_error": 0.002197265625,
        "mean_abs_error": 6.299924194103196e-05,
        "reference_samples": 67200,
        "rmse": 0.00015085997197522496,
        "samples_compared": 67200,
        "snr_db": 51.09923456175161
      },
      "metrics_candidate_vs_dump_trimmed": {
        "candidate_samples": 67200,
        "correlation": 0.9999918943139101,
        "cosine_similarity": 0.9999926615284004,
        "max_abs_error": 0.012786865234375,
        "mean_abs_error": 7.279354132157729e-05,
        "reference_samples": 67200,
        "rmse": 0.00020745611895382697,
        "samples_compared": 67200,
        "snr_db": 48.33215993530577
      },
      "speedup_vs_baseline_pct": 4.280216703063796,
      "tensor_dump": "outputs/generator_isolation/dumps/3s",
      "warm_predict_median_ms": {
        "baseline": 26.278353994712234,
        "candidate": 25.15358349774033
      },
      "warm_predict_times_ms": {
        "baseline": [
          26.277041994035244,
          26.33862500078976,
          26.190917007625103,
          26.301417034119368,
          26.316417031921446,
          26.279665995389223,
          26.23591700103134,
          26.270749978721142,
          26.271541020832956,
          26.28879202529788
        ],
        "candidate": [
          25.267707998864353,
          25.237750029191375,
          25.264583062380552,
          25.280582951381803,
          25.20712499972433,
          25.100041995756328,
          25.088250054977834,
          25.09700006339699,
          25.06087499205023,
          25.09025007020682
        ]
      },
      "warmup": 3
    },
    {
      "baseline_package": "coreml/kokoro_decoder_har_post_7s.mlpackage",
      "bucket": "7s",
      "candidate_package": "outputs/export_rewrite_smoke/kokoro_decoder_har_post_7s.mlpackage",
      "compute_units": "cpuAndGPU",
      "first_predict_ms": {
        "baseline": 121.04104203172028,
        "candidate": 112.75583400856704
      },
      "iterations": 10,
      "metrics_candidate_vs_baseline_trimmed": {
        "candidate_samples": 162000,
        "correlation": 0.999996566447558,
        "cosine_similarity": 0.9999969687500636,
        "max_abs_error": 0.001953125,
        "mean_abs_error": 6.547987461090088e-05,
        "reference_samples": 162000,
        "rmse": 0.00013755719823488685,
        "samples_compared": 162000,
        "snr_db": 52.171478541543614
      },
      "metrics_candidate_vs_dump_trimmed": {
        "candidate_samples": 162000,
        "correlation": 0.9999965618305904,
        "cosine_similarity": 0.9999969646791671,
        "max_abs_error": 0.001953125,
        "mean_abs_error": 6.557707141149691e-05,
        "reference_samples": 162000,
        "rmse": 0.00013764950162223086,
        "samples_compared": 162000,
        "snr_db": 52.165652070544006
      },
      "speedup_vs_baseline_pct": 3.145504076258319,
      "tensor_dump": "outputs/generator_isolation/dumps/7s",
      "warm_predict_median_ms": {
        "baseline": 53.827479016035795,
        "candidate": 52.1343334694393
      },
      "warm_predict_times_ms": {
        "baseline": [
          53.770125028677285,
          53.71008301153779,
          53.76916693057865,
          53.927875007502735,
          53.749000071547925,
          53.90520906075835,
          53.884833003394306,
          53.710834006778896,
          54.004875011742115,
          53.965166909620166
        ],
        "candidate": [
          52.14199994225055,
          52.126666996628046,
          52.11549997329712,
          52.07687499932945,
          52.22549999598414,
          52.19654191751033,
          52.091750083491206,
          52.12033400312066,
          52.24245798308402,
          52.484040963463485
        ]
      },
      "warmup": 3
    },
    {
      "baseline_package": "coreml/kokoro_decoder_har_post_10s.mlpackage",
      "bucket": "10s",
      "candidate_package": "outputs/export_rewrite_smoke/kokoro_decoder_har_post_10s.mlpackage",
      "compute_units": "cpuAndGPU",
      "first_predict_ms": {
        "baseline": 141.77325007040054,
        "candidate": 133.06883408222347
      },
      "iterations": 10,
      "metrics_candidate_vs_baseline_trimmed": {
        "candidate_samples": 230400,
        "correlation": 0.9999958958340178,
        "cosine_similarity": 0.999996384945007,
        "max_abs_error": 0.0024261474609375,
        "mean_abs_error": 7.79987920800017e-05,
        "reference_samples": 230400,
        "rmse": 0.00015800224337348534,
        "samples_compared": 230400,
        "snr_db": 51.4065028201056
      },
      "metrics_candidate_vs_dump_trimmed": {
        "candidate_samples": 230400,
        "correlation": 0.9786269460530297,
        "cosine_similarity": 0.9811336545049505,
        "max_abs_error": 0.253173828125,
        "mean_abs_error": 0.0012448301980172978,
        "reference_samples": 230400,
        "rmse": 0.011357087832125625,
        "samples_compared": 230400,
        "snr_db": 14.10040741665513
      },
      "speedup_vs_baseline_pct": 3.1727429677377663,
      "tensor_dump": "outputs/generator_isolation/dumps/10s",
      "warm_predict_median_ms": {
        "baseline": 73.07164603844285,
        "candidate": 70.75327052734792
      },
      "warm_predict_times_ms": {
        "baseline": [
          72.90195894893259,
          72.98866601195186,
          73.0747920460999,
          73.14166706055403,
          73.0685000307858,
          73.10437504202127,
          73.08879191987216,
          72.98404106404632,
          73.09950003400445,
          72.8468750603497
        ],
        "candidate": [
          71.06804195791483,
          70.72016596794128,
          70.82708401139826,
          70.68191701546311,
          70.66962507087737,
          70.85070898756385,
          70.78637508675456,
          70.66958292853087,
          70.85691695101559,
          70.68387500476092
        ]
      },
      "warmup": 3
    },
    {
      "baseline_package": "coreml/kokoro_decoder_har_post_15s.mlpackage",
      "bucket": "15s",
      "candidate_package": "outputs/export_rewrite_smoke/kokoro_decoder_har_post_15s.mlpackage",
      "compute_units": "cpuAndGPU",
      "first_predict_ms": {
        "baseline": 172.97354200854897,
        "candidate": 163.5287500685081
      },
      "iterations": 10,
      "metrics_candidate_vs_baseline_trimmed": {
        "candidate_samples": 333600,
        "correlation": 0.999996419476007,
        "cosine_similarity": 0.9999968298389758,
        "max_abs_error": 0.0025634765625,
        "mean_abs_error": 7.207519180483097e-05,
        "reference_samples": 333600,
        "rmse": 0.00014973771018042035,
        "samples_compared": 333600,
        "snr_db": 51.97847853813228
      },
      "metrics_candidate_vs_dump_trimmed": {
        "candidate_samples": 333600,
        "correlation": 0.9836440374277647,
        "cosine_similarity": 0.985503870568368,
        "max_abs_error": 0.358642578125,
        "mean_abs_error": 0.0010676950263185014,
        "reference_samples": 333600,
        "rmse": 0.010088040337547411,
        "samples_compared": 333600,
        "snr_db": 15.276954412952396
      },
      "speedup_vs_baseline_pct": 2.6036772350103066,