{
  "benchmark": {
    "compute_units": "cpuAndGPU",
    "first_predict_ms": {
      "cos": 182.9452500678599,
      "fused": 132.47720897197723
    },
    "iterations": 10,
    "metrics": {
      "cos_vs_dump_full": {
        "candidate_samples": 72000,
        "correlation": 0.9999940448694766,
        "cosine_similarity": 0.9999945797946893,
        "max_abs_error": 0.002166748046875,
        "mean_abs_error": 7.581029501226213e-05,
        "reference_samples": 72000,
        "rmse": 0.00017225987635831574,
        "samples_compared": 72000,
        "snr_db": 49.64741118500263
      },
      "cos_vs_dump_trimmed": {
        "candidate_samples": 67200,
        "correlation": 0.9999901921200428,
        "cosine_similarity": 0.9999911200211874,
        "max_abs_error": 0.0128021240234375,
        "mean_abs_error": 9.094352995866135e-05,
        "reference_samples": 67200,
        "rmse": 0.00022819591473902134,
        "samples_compared": 67200,
        "snr_db": 47.50452760992955
      },
      "cos_vs_fused_full": {
        "candidate_samples": 72000,
        "correlation": 0.9999940448694766,
        "cosine_similarity": 0.9999945797946893,
        "max_abs_error": 0.002166748046875,
        "mean_abs_error": 7.581029501226213e-05,
        "reference_samples": 72000,
        "rmse": 0.00017225987635831574,
        "samples_compared": 72000,
        "snr_db": 49.64741118500263
      },
      "cos_vs_fused_trimmed": {
        "candidate_samples": 67200,
        "correlation": 0.9999940034134375,
        "cosine_similarity": 0.9999945798314346,
        "max_abs_error": 0.002166748046875,
        "mean_abs_error": 8.11592232258547e-05,
        "reference_samples": 67200,
        "rmse": 0.0001783050832863568,
        "samples_compared": 67200,
        "snr_db": 49.647440524188646
      },
      "fused_vs_dump_full": {
        "candidate_samples": 72000,
        "correlation": 1.0,
        "cosine_similarity": 1.0,
        "max_abs_error": 0.0,
        "mean_abs_error": 0.0,
        "reference_samples": 72000,
        "rmse": 0.0,
        "samples_compared": 72000,
        "snr_db": 142.9444187745472
      },
      "fused_vs_dump_trimmed": {
        "candidate_samples": 67200,
        "correlation": 0.9999961868925267,
        "cosine_similarity": 0.9999965419206919,
        "max_abs_error": 0.012786865234375,
        "mean_abs_error": 9.83242506582845e-06,
        "reference_samples": 67200,
        "rmse": 0.0001423861832117895,
        "samples_compared": 67200,
        "snr_db": 51.601327941936844
      }
    },
    "speedup_vs_fused_pct": 4.446074665009657,
    "warm_predict_median_ms": {
      "cos": 25.20266646752134,
      "fused": 26.375333487521857
    },
    "warm_predict_times_ms": {
      "cos": [
        25.228166952729225,
        25.15458408743143,
        25.199875002726912,
        25.32345789950341,
        25.221250019967556,
        25.196374976076186,
        25.137332966551185,
        25.232624961063266,
        25.07308404892683,
        25.205457932315767
      ],
      "fused": [
        26.39045799151063,
        26.430375059135258,
        26.372374966740608,
        26.328500011004508,
        26.557624922133982,
        26.31945803295821,
        26.358333067037165,
        26.378292008303106,
        26.347417035140097,
        26.379666989669204
      ]
    },
    "warmup": 3
  },
  "broadcast_adain": true,
  "cos_package": "outputs/generator_cos_snake/3s_cos_native_broadcast_fp16_inputs_broadcast_adain_native_in_fp16_inputs_ups_as_conv_ios17/kokoro_generator_cos_snake_3s_cos_native_broadcast_fp16_inputs_broadcast_adain_native_in_fp16_inputs_ups_as_conv_ios17.mlpackage",
  "cos_snake": true,
  "deployment_target": "ios17",
  "export": {
    "broadcast_adain": true,
    "cos_snake": true,
    "deployment_target": "ios17",
    "har_shape": [
      1,
      22,
      28801
    ],
    "har_time": null,
    "input_dtype": "fp16",
    "input_shape_mode": "fixed",
    "linear_quantize": null,
    "native_instance_norm_adain": true,
    "package": "outputs/generator_cos_snake/3s_cos_native_broadcast_fp16_inputs_broadcast_adain_native_in_fp16_inputs_ups_as_conv_ios17/kokoro_generator_cos_snake_3s_cos_native_broadcast_fp16_inputs_broadcast_adain_native_in_fp16_inputs_ups_as_conv_ios17.mlpackage",
    "palettize": false,
    "precision": "fp16",
    "ref_s_shape": [
      1,
      256
    ],
    "removed_dropouts": 0,
    "rewrite_ups_conv_transpose": true,
    "rewritten_ups_conv_transpose": 2,
    "toolchain": {
      "coremltools": "8.3.0",
      "numpy": "1.26.4",
      "torch": "2.6.0"
    },
    "traced_samples": 72000,
    "x_pre_shape": [
      1,
      512,
      240
    ]
  },
  "fused_package": "coreml/kokoro_decoder_har_post_3s.mlpackage",
  "har_time": null,
  "input_dtype": "fp16",
  "input_shape_mode": "fixed",
  "linear_quantize": null,
  "manifest_metadata": {
    "bucket_seconds": 3,
    "canonical_duration_s": 2.8,
    "decoder_frame_count": 120,
    "duration_model": "padded_t64",
    "duration_model_allows_padding": true,
    "duration_token_length": 64,
    "executable": "kokoro-bench",
    "full_f0_len": 240,
    "har_expected_time": 28801,
    "hnsf_reference_command": "uv run --no-sync python scripts/validate_hnsf_swift.py generate",
    "input_key": "3s",
    "natural_frames": 112,
    "num_tokens": 44,
    "observed_audio_duration_s": 2.8,
    "producer": "swift",
    "seed": 42,
    "speed": 1,
    "t_frames": 120,
    "text": "The quick brown fox jumps over the dog.",
    "trim_len": 67200,
    "voice": "af_heart",
    "x_pre_expected_time": 240
  },
  "native_instance_norm_adain": true,
  "palettize": false,
  "passes": true,
  "report": "outputs/generator_cos_snake/3s_cos_native_broadcast_fp16_inputs_broadcast_adain_native_in_fp16_inputs_ups_as_conv_ios17/report_ios17_cos_native_broadcast_fp16_ups_as_conv_cpu_gpu.json",
  "rewrite_ups_conv_transpose": true,
  "tensor_dump": "outputs/generator_isolation/dumps/3s",
  "thresholds": {
    "max_abs_error": 0.01,
    "min_corr": 0.99,
    "min_snr": 35.0
  },
  "toolchain": {
    "coremltools": "8.3.0",
    "numpy": "1.26.4",
    "torch": "2.6.0"
  }
}
