{
  "benchmark": {
    "compute_units": "cpuAndGPU",
    "first_predict_ms": {
      "fused": 148.95999990403652,
      "style_specialized": 87.55604200996459
    },
    "iterations": 20,
    "metrics": {
      "fused_vs_dump_full": {
        "candidate_samples": 72000,
        "correlation": 1.0,
        "cosine_similarity": 1.0,
        "max_abs_error": 0.0,
        "mean_abs_error": 0.0,
        "reference_samples": 72000,
        "rmse": 0.0,
        "samples_compared": 72000,
        "snr_db": 142.9444187745472
      },
      "fused_vs_dump_trimmed": {
        "candidate_samples": 67200,
        "correlation": 0.9999961868925267,
        "cosine_similarity": 0.9999965419206919,
        "max_abs_error": 0.012786865234375,
        "mean_abs_error": 9.83242506582845e-06,
        "reference_samples": 67200,
        "rmse": 0.0001423861832117895,
        "samples_compared": 67200,
        "snr_db": 51.601327941936844
      },
      "style_vs_dump_full": {
        "candidate_samples": 72000,
        "correlation": 0.9999936309436667,
        "cosine_similarity": 0.9999942026239904,
        "max_abs_error": 0.00238037109375,
        "mean_abs_error": 7.871710922982958e-05,
        "reference_samples": 72000,
        "rmse": 0.00017812298665318113,
        "samples_compared": 72000,
        "snr_db": 49.356694438444364
      },
      "style_vs_dump_trimmed": {
        "candidate_samples": 67200,
        "correlation": 0.9999897718300863,
        "cosine_similarity": 0.9999907478980526,
        "max_abs_error": 0.01279449462890625,
        "mean_abs_error": 9.405768904458223e-05,
        "reference_samples": 67200,
        "rmse": 0.0002329153369688204,
        "samples_compared": 67200,
        "snr_db": 47.32672317801593
      },
      "style_vs_fused_full": {
        "candidate_samples": 72000,
        "correlation": 0.9999936309436667,
        "cosine_similarity": 0.9999942026239904,
        "max_abs_error": 0.00238037109375,
        "mean_abs_error": 7.871710922982958e-05,
        "reference_samples": 72000,
        "rmse": 0.00017812298665318113,
        "samples_compared": 72000,
        "snr_db": 49.356694438444364
      },
      "style_vs_fused_trimmed": {
        "candidate_samples": 67200,
        "correlation": 0.9999935866356033,
        "cosine_similarity": 0.9999942026539335,
        "max_abs_error": 0.00238037109375,
        "mean_abs_error": 8.42752538266636e-05,
        "reference_samples": 67200,
        "rmse": 0.00018437409799355032,
        "samples_compared": 67200,
        "snr_db": 49.35671684384057
      }
    },
    "speedup_vs_fused_pct": -1.4396583067152304,
    "warm_predict_median_ms": {
      "fused": 26.386437937617302,
      "style_specialized": 26.76631248323247
    },
    "warm_predict_times_ms": {
      "fused": [
        26.450000004842877,
        26.32295899093151,
        26.288458961062133,
        26.402542018331587,
        26.373000000603497,
        26.627166895195842,
        26.41416701953858,
        26.34370792657137,
        26.306957937777042,
        26.37791691813618,
        26.338167022913694,
        26.331250090152025,
        26.452832971699536,
        26.402125018648803,
        26.331666973419487,
        26.421791058965027,
        26.394958957098424,
        26.655041961930692,
        26.49233303964138,
        26.357832946814597
      ],
      "style_specialized": [
        26.852458948269486,
        26.71870798803866,
        26.687417062930763,
        26.800458901561797,
        26.664750068448484,
        27.18566602561623,
        26.899375021457672,
        26.79412509314716,
        26.787166949361563,
        26.712834020145237,
        26.720291934907436,
        26.73154103104025,
        26.745458017103374,
        26.698707952164114,
        26.787791051901877,
        26.711665908806026,
        26.959334034472704,
        26.97458292823285,
        26.822124957107008,
        26.729458011686802
      ]
    },
    "warmup": 5
  },
  "export": {
    "frozen_adain_count": 48,
    "har_shape": [
      1,
      22,
      28801
    ],
    "package": "outputs/generator_style_specialization/3s_style_specialized/kokoro_generator_style_specialized_3s_style_specialized.mlpackage",
    "precision": "fp16",
    "removed_dropouts": 0,
    "traced_samples": 72000,
    "x_pre_shape": [
      1,
      512,
      240
    ]
  },
  "fused_package": "coreml/kokoro_decoder_har_post_3s.mlpackage",
  "manifest_metadata": {
    "bucket_seconds": 3,
    "canonical_duration_s": 2.8,
    "decoder_frame_count": 120,
    "duration_model": "padded_t64",
    "duration_model_allows_padding": true,
    "duration_token_length": 64,
    "executable": "kokoro-bench",
    "full_f0_len": 240,
    "har_expected_time": 28801,
    "hnsf_reference_command": "uv run --no-sync python scripts/validate_hnsf_swift.py generate",
    "input_key": "3s",
    "natural_frames": 112,
    "num_tokens": 44,
    "observed_audio_duration_s": 2.8,
    "producer": "swift",
    "seed": 42,
    "speed": 1,
    "t_frames": 120,
    "text": "The quick brown fox jumps over the dog.",
    "trim_len": 67200,
    "voice": "af_heart",
    "x_pre_expected_time": 240
  },
  "passes": true,
  "report": "outputs/generator_style_specialization/3s_style_specialized/report_cpu_gpu.json",
  "style_package": "outputs/generator_style_specialization/3s_style_specialized/kokoro_generator_style_specialized_3s_style_specialized.mlpackage",
  "tensor_dump": "outputs/generator_isolation/dumps/3s",
  "thresholds": {
    "max_abs_error": 0.01,
    "min_corr": 0.99,
    "min_snr": 35.0
  }
}
