{
  "benchmark": {
    "comparison_label": "production_rewrite",
    "comparison_package": "outputs/export_rewrite_smoke/kokoro_decoder_har_post_3s.mlpackage",
    "compute_units": "cpuAndGPU",
    "first_predict_ms": {
      "fused": 134.55470802728087,
      "production_rewrite": 87.73416595067829,
      "style_specialized": 214.23466596752405
    },
    "iterations": 10,
    "metrics": {
      "fused_vs_dump_full": {
        "candidate_samples": 72000,
        "correlation": 1.0,
        "cosine_similarity": 1.0,
        "max_abs_error": 0.0,
        "mean_abs_error": 0.0,
        "reference_samples": 72000,
        "rmse": 0.0,
        "samples_compared": 72000,
        "snr_db": 142.9444187745472
      },
      "fused_vs_dump_trimmed": {
        "candidate_samples": 67200,
        "correlation": 0.9999961868925267,
        "cosine_similarity": 0.9999965419206919,
        "max_abs_error": 0.012786865234375,
        "mean_abs_error": 9.83242506582845e-06,
        "reference_samples": 67200,
        "rmse": 0.0001423861832117895,
        "samples_compared": 67200,
        "snr_db": 51.601327941936844
      },
      "style_vs_dump_full": {
        "candidate_samples": 72000,
        "correlation": 0.9999932303364939,
        "cosine_similarity": 0.9999938383650827,
        "max_abs_error": 0.002197265625,
        "mean_abs_error": 8.361092623737123e-05,
        "reference_samples": 72000,
        "rmse": 0.0001836511491102603,
        "samples_compared": 72000,
        "snr_db": 49.091220806800926
      },
      "style_vs_dump_trimmed": {
        "candidate_samples": 67200,
        "correlation": 0.9999893801846145,
        "cosine_similarity": 0.999990385347586,
        "max_abs_error": 0.012786865234375,
        "mean_abs_error": 9.930042318702346e-05,
        "reference_samples": 67200,
        "rmse": 0.00023744025858244192,
        "samples_compared": 67200,
        "snr_db": 47.15959778326108
      },
      "style_vs_fused_full": {
        "candidate_samples": 72000,
        "correlation": 0.9999932303364939,
        "cosine_similarity": 0.9999938383650827,
        "max_abs_error": 0.002197265625,
        "mean_abs_error": 8.361092623737123e-05,
        "reference_samples": 72000,
        "rmse": 0.0001836511491102603,
        "samples_compared": 72000,
        "snr_db": 49.091220806800926
      },
      "style_vs_fused_trimmed": {
        "candidate_samples": 67200,
        "correlation": 0.9999931831979656,
        "cosine_similarity": 0.9999938383927433,
        "max_abs_error": 0.002197265625,
        "mean_abs_error": 8.951936804112933e-05,
        "reference_samples": 67200,
        "rmse": 0.0001900963330530225,
        "samples_compared": 67200,
        "snr_db": 49.09124022822208
      },
      "style_vs_production_rewrite_trimmed": {
        "candidate_samples": 67200,
        "correlation": 0.9999940182531417,
        "cosine_similarity": 0.9999945932114038,
        "max_abs_error": 0.002197265625,
        "mean_abs_error": 8.370687475516682e-05,
        "reference_samples": 67200,
        "rmse": 0.000178028255313897,
        "samples_compared": 67200,
        "snr_db": 49.66022398544865
      }
    },
    "speedup_vs_comparison_pct": 0.21441722512145836,
    "speedup_vs_fused_pct": 4.418905044794013,
    "warm_predict_median_ms": {
      "fused": 26.261687511578202,
      "production_rewrite": 25.15514544211328,
      "style_specialized": 25.101208477281034
    },
    "warm_predict_times_ms": {
      "fused": [
        26.268874993547797,
        26.291541988030076,
        26.207084069028497,
        26.234749937430024,
        26.2300840113312,
        26.251249946653843,
        26.27979195676744,
        26.254500029608607,
        26.290209032595158,
        26.486749993637204
      ],
      "production_rewrite": [
        25.120791979134083,
        25.101125007495284,
        25.051458040252328,
        25.081166997551918,
        25.228624930605292,
        25.265500065870583,
        25.21254203747958,
        25.146374944597483,
        25.163915939629078,
        25.18975001294166
      ],
      "style_specialized": [
        25.10324993636459,
        25.17625002656132,
        25.099167018197477,
        25.071167037822306,
        25.01245797611773,
        25.030125048942864,
        25.095000048168004,
        25.139542063698173,
        25.188917061313987,
        25.124541949480772
      ]
    },
    "warmup": 3
  },
  "export": null,
  "fused_package": "coreml/kokoro_decoder_har_post_3s.mlpackage",
  "manifest_metadata": {
    "bucket_seconds": 3,
    "canonical_duration_s": 2.8,
    "decoder_frame_count": 120,
    "duration_model": "padded_t64",
    "duration_model_allows_padding": true,
    "duration_token_length": 64,
    "executable": "kokoro-bench",
    "full_f0_len": 240,
    "har_expected_time": 28801,
    "hnsf_reference_command": "uv run --no-sync python scripts/validate_hnsf_swift.py generate",
    "input_key": "3s",
    "natural_frames": 112,
    "num_tokens": 44,
    "observed_audio_duration_s": 2.8,
    "producer": "swift",
    "seed": 42,
    "speed": 1,
    "t_frames": 120,
    "text": "The quick brown fox jumps over the dog.",
    "trim_len": 67200,
    "voice": "af_heart",
    "x_pre_expected_time": 240
  },
  "passes": true,
  "report": "outputs/generator_style_specialization/3s_style_native_in_ups_as_conv_ios17/report_cpu_gpu_vs_rewrite.json",
  "style_package": "outputs/generator_style_specialization/3s_style_native_in_ups_as_conv_ios17/kokoro_generator_style_specialized_3s_style_native_in_ups_as_conv_ios17.mlpackage",
  "tensor_dump": "outputs/generator_isolation/dumps/3s",
  "thresholds": {
    "max_abs_error": 0.01,
    "min_corr": 0.99,
    "min_snr": 35.0
  }
}
