{
  "benchmark": {
    "compute_units": "cpuAndGPU",
    "first_predict_ms": {
      "fused": 145.11729206424206,
      "style_specialized": 197.09291600156575
    },
    "iterations": 10,
    "metrics": {
      "fused_vs_dump_full": {
        "candidate_samples": 72000,
        "correlation": 1.0,
        "cosine_similarity": 1.0,
        "max_abs_error": 0.0,
        "mean_abs_error": 0.0,
        "reference_samples": 72000,
        "rmse": 0.0,
        "samples_compared": 72000,
        "snr_db": 142.9444187745472
      },
      "fused_vs_dump_trimmed": {
        "candidate_samples": 67200,
        "correlation": 0.9999961868925267,
        "cosine_similarity": 0.9999965419206919,
        "max_abs_error": 0.012786865234375,
        "mean_abs_error": 9.83242506582845e-06,
        "reference_samples": 67200,
        "rmse": 0.0001423861832117895,
        "samples_compared": 67200,
        "snr_db": 51.601327941936844
      },
      "style_vs_dump_full": {
        "candidate_samples": 72000,
        "correlation": 0.9999932303364939,
        "cosine_similarity": 0.9999938383650827,
        "max_abs_error": 0.002197265625,
        "mean_abs_error": 8.361092623737123e-05,
        "reference_samples": 72000,
        "rmse": 0.0001836511491102603,
        "samples_compared": 72000,
        "snr_db": 49.091220806800926
      },
      "style_vs_dump_trimmed": {
        "candidate_samples": 67200,
        "correlation": 0.9999893801846145,
        "cosine_similarity": 0.999990385347586,
        "max_abs_error": 0.012786865234375,
        "mean_abs_error": 9.930042318702346e-05,
        "reference_samples": 67200,
        "rmse": 0.00023744025858244192,
        "samples_compared": 67200,
        "snr_db": 47.15959778326108
      },
      "style_vs_fused_full": {
        "candidate_samples": 72000,
        "correlation": 0.9999932303364939,
        "cosine_similarity": 0.9999938383650827,
        "max_abs_error": 0.002197265625,
        "mean_abs_error": 8.361092623737123e-05,
        "reference_samples": 72000,
        "rmse": 0.0001836511491102603,
        "samples_compared": 72000,
        "snr_db": 49.091220806800926
      },
      "style_vs_fused_trimmed": {
        "candidate_samples": 67200,
        "correlation": 0.9999931831979656,
        "cosine_similarity": 0.9999938383927433,
        "max_abs_error": 0.002197265625,
        "mean_abs_error": 8.951936804112933e-05,
        "reference_samples": 67200,
        "rmse": 0.0001900963330530225,
        "samples_compared": 67200,
        "snr_db": 49.09124022822208
      }
    },
    "speedup_vs_fused_pct": 4.490709392012637,
    "warm_predict_median_ms": {
      "fused": 26.59749996382743,
      "style_specialized": 25.403083534911275
    },
    "warm_predict_times_ms": {
      "fused": [
        26.374708046205342,
        26.500292005948722,
        26.47545898798853,
        26.683790958486497,
        26.59212495200336,
        26.671041967347264,
        26.53237502090633,
        26.701540919020772,
        26.602874975651503,
        26.628834079019725
      ],
      "style_specialized": [
        25.30220802873373,
        25.230291998013854,
        25.42879106476903,
        25.41087509598583,
        25.573624996468425,
        25.39529197383672,
        25.45774995815009,
        25.356040918268263,
        25.438624899834394,
        25.33179195597768
      ]
    },
    "warmup": 3
  },
  "export": {
    "deployment_target": "ios17",
    "frozen_adain_count": 48,
    "har_shape": [
      1,
      22,
      28801
    ],
    "har_time": null,
    "native_instance_norm_adain": true,
    "package": "outputs/generator_style_specialization/3s_style_native_in_ups_as_conv_ios17/kokoro_generator_style_specialized_3s_style_native_in_ups_as_conv_ios17.mlpackage",
    "precision": "fp16",
    "removed_dropouts": 0,
    "rewrite_ups_conv_transpose": true,
    "rewritten_ups_conv_transpose": 2,
    "traced_samples": 72000,
    "x_pre_shape": [
      1,
      512,
      240
    ]
  },
  "fused_package": "coreml/kokoro_decoder_har_post_3s.mlpackage",
  "manifest_metadata": {
    "bucket_seconds": 3,
    "canonical_duration_s": 2.8,
    "decoder_frame_count": 120,
    "duration_model": "padded_t64",
    "duration_model_allows_padding": true,
    "duration_token_length": 64,
    "executable": "kokoro-bench",
    "full_f0_len": 240,
    "har_expected_time": 28801,
    "hnsf_reference_command": "uv run --no-sync python scripts/validate_hnsf_swift.py generate",
    "input_key": "3s",
    "natural_frames": 112,
    "num_tokens": 44,
    "observed_audio_duration_s": 2.8,
    "producer": "swift",
    "seed": 42,
    "speed": 1,
    "t_frames": 120,
    "text": "The quick brown fox jumps over the dog.",
    "trim_len": 67200,
    "voice": "af_heart",
    "x_pre_expected_time": 240
  },
  "passes": true,
  "report": "outputs/generator_style_specialization/3s_style_native_in_ups_as_conv_ios17/report_cpu_gpu.json",
  "style_package": "outputs/generator_style_specialization/3s_style_native_in_ups_as_conv_ios17/kokoro_generator_style_specialized_3s_style_native_in_ups_as_conv_ios17.mlpackage",
  "tensor_dump": "outputs/generator_isolation/dumps/3s",
  "thresholds": {
    "max_abs_error": 0.01,
    "min_corr": 0.99,
    "min_snr": 35.0
  }
}
