{
  "benchmark": {
    "comparison_label": "production_rewrite",
    "comparison_package": "outputs/export_rewrite_smoke/kokoro_decoder_har_post_3s.mlpackage",
    "compute_units": "cpuAndGPU",
    "first_predict_ms": {
      "fused": 143.48620804958045,
      "production_rewrite": 84.70037498045713,
      "style_specialized": 211.71737497206777
    },
    "iterations": 30,
    "metrics": {
      "fused_vs_dump_full": {
        "candidate_samples": 72000,
        "correlation": 1.0,
        "cosine_similarity": 1.0,
        "max_abs_error": 0.0,
        "mean_abs_error": 0.0,
        "reference_samples": 72000,
        "rmse": 0.0,
        "samples_compared": 72000,
        "snr_db": 142.9444187745472
      },
      "fused_vs_dump_trimmed": {
        "candidate_samples": 67200,
        "correlation": 0.9999961868925267,
        "cosine_similarity": 0.9999965419206919,
        "max_abs_error": 0.012786865234375,
        "mean_abs_error": 9.83242506582845e-06,
        "reference_samples": 67200,
        "rmse": 0.0001423861832117895,
        "samples_compared": 67200,
        "snr_db": 51.601327941936844
      },
      "style_vs_dump_full": {
        "candidate_samples": 72000,
        "correlation": 0.9999932303364939,
        "cosine_similarity": 0.9999938383650827,
        "max_abs_error": 0.002197265625,
        "mean_abs_error": 8.361092623737123e-05,
        "reference_samples": 72000,
        "rmse": 0.0001836511491102603,
        "samples_compared": 72000,
        "snr_db": 49.091220806800926
      },
      "style_vs_dump_trimmed": {
        "candidate_samples": 67200,
        "correlation": 0.9999893801846145,
        "cosine_similarity": 0.999990385347586,
        "max_abs_error": 0.012786865234375,
        "mean_abs_error": 9.930042318702346e-05,
        "reference_samples": 67200,
        "rmse": 0.00023744025858244192,
        "samples_compared": 67200,
        "snr_db": 47.15959778326108
      },
      "style_vs_fused_full": {
        "candidate_samples": 72000,
        "correlation": 0.9999932303364939,
        "cosine_similarity": 0.9999938383650827,
        "max_abs_error": 0.002197265625,
        "mean_abs_error": 8.361092623737123e-05,
        "reference_samples": 72000,
        "rmse": 0.0001836511491102603,
        "samples_compared": 72000,
        "snr_db": 49.091220806800926
      },
      "style_vs_fused_trimmed": {
        "candidate_samples": 67200,
        "correlation": 0.9999931831979656,
        "cosine_similarity": 0.9999938383927433,
        "max_abs_error": 0.002197265625,
        "mean_abs_error": 8.951936804112933e-05,
        "reference_samples": 67200,
        "rmse": 0.0001900963330530225,
        "samples_compared": 67200,
        "snr_db": 49.09124022822208
      },
      "style_vs_production_rewrite_trimmed": {
        "candidate_samples": 67200,
        "correlation": 0.9999940182531417,
        "cosine_similarity": 0.9999945932114038,
        "max_abs_error": 0.002197265625,
        "mean_abs_error": 8.370687475516682e-05,
        "reference_samples": 67200,
        "rmse": 0.000178028255313897,
        "samples_compared": 67200,
        "snr_db": 49.66022398544865
      }
    },
    "speedup_vs_comparison_pct": 0.16712638594271395,
    "speedup_vs_fused_pct": 4.538601747497852,
    "warm_predict_median_ms": {
      "fused": 26.294333045370877,
      "production_rewrite": 25.142958504147828,
      "style_specialized": 25.10093798628077
    },
    "warm_predict_times_ms": {
      "fused": [
        26.713042054325342,
        26.753833051770926,
        26.352374930866063,
        26.330000022426248,
        26.22166695073247,
        26.29383304156363,
        26.323750033043325,
        26.257375022396445,
        26.184124988503754,
        26.21879195794463,
        26.310791028663516,
        26.294833049178123,
        26.236541918478906,
        26.30904095713049,
        26.215207995846868,
        26.315791998058558,
        26.2781250057742,
        26.277750032022595,
        26.205292087979615,
        26.29845798946917,
        26.248208014294505,
        26.296625030227005,
        26.27979195676744,
        26.31812496110797,
        26.260833023115993,
        26.31200000178069,
        26.282083010300994,
        26.38774993829429,
        26.271832990460098,
        26.3084169710055
      ],
      "production_rewrite": [
        25.147000094875693,
        25.191042106598616,
        25.13862494379282,
        25.187124963849783,
        25.205500074662268,
        25.138916913419962,
        25.187249993905425,
        25.09250002913177,
        25.122083025053144,
        25.18804103601724,
        25.06504103075713,
        25.02741594798863,
        25.092374999076128,
        25.06029198411852,
        25.174084003083408,
        25.11758403852582,
        25.070708012208343,
        25.080291088670492,
        25.05591604858637,
        25.05491697229445,
        25.22070799022913,
        25.159833021461964,
        25.155915995128453,
        25.08862502872944,
        25.09904105681926,
        25.242541916668415,
        25.19900002516806,
        25.171165936626494,
        25.237874942831695,
        25.21716698538512
      ],
      "style_specialized": [
        25.19654098432511,
        25.060207932256162,
        25.129750021733344,
        25.119333993643522,
        25.09270899463445,
        25.056042009964585,
        25.101542007178068,
        25.064166984520853,
        25.033332989551127,
        25.175332906655967,
        25.005375035107136,
        25.03895794507116,
        25.05904098507017,
        25.074415956623852,
        25.221916032023728,
        25.182582903653383,
        25.363750057294965,
        25.12350003235042,
        25.10033396538347,
        25.117959012277424,
        25.086999987252057,
        25.021124980412424,
        25.16808407381177,
        25.08816705085337,
        25.089374976232648,
        25.10000008624047,
        25.11524991132319,
        25.180458091199398,
        25.25099995546043,
        25.352916098199785
      ]
    },
    "warmup": 5
  },
  "export": null,
  "fused_package": "coreml/kokoro_decoder_har_post_3s.mlpackage",
  "manifest_metadata": {
    "bucket_seconds": 3,
    "canonical_duration_s": 2.8,
    "decoder_frame_count": 120,
    "duration_model": "padded_t64",
    "duration_model_allows_padding": true,
    "duration_token_length": 64,
    "executable": "kokoro-bench",
    "full_f0_len": 240,
    "har_expected_time": 28801,
    "hnsf_reference_command": "uv run --no-sync python scripts/validate_hnsf_swift.py generate",
    "input_key": "3s",
    "natural_frames": 112,
    "num_tokens": 44,
    "observed_audio_duration_s": 2.8,
    "producer": "swift",
    "seed": 42,
    "speed": 1,
    "t_frames": 120,
    "text": "The quick brown fox jumps over the dog.",
    "trim_len": 67200,
    "voice": "af_heart",
    "x_pre_expected_time": 240
  },
  "passes": true,
  "report": "outputs/generator_style_specialization/3s_style_native_in_ups_as_conv_ios17/report_cpu_gpu_vs_rewrite_n30.json",
  "style_package": "outputs/generator_style_specialization/3s_style_native_in_ups_as_conv_ios17/kokoro_generator_style_specialized_3s_style_native_in_ups_as_conv_ios17.mlpackage",
  "tensor_dump": "outputs/generator_isolation/dumps/3s",
  "thresholds": {
    "max_abs_error": 0.01,
    "min_corr": 0.99,
    "min_snr": 35.0
  }
}
