{
  "benchmark": {
    "body_compute_units": "cpuAndGPU",
    "decoder_pre_compute_units": "cpuAndNeuralEngine",
    "first_predict_ms": {
      "baseline_decoder_pre": 9.535582968965173,
      "baseline_generator": 106.28012497909367,
      "baseline_total": 115.81570794805884,
      "candidate_body": 101.91208403557539,
      "candidate_noise": 57.29245801921934,
      "candidate_tail": 17.208416014909744,
      "candidate_total": 176.41295806970447
    },
    "fused_compute_units": "cpuAndGPU",
    "iterations": 20,
    "metrics": {
      "baseline_vs_dump_full": {
        "candidate_samples": 72000,
        "correlation": 1.0,
        "cosine_similarity": 1.0,
        "max_abs_error": 0.0,
        "mean_abs_error": 0.0,
        "reference_samples": 72000,
        "rmse": 0.0,
        "samples_compared": 72000,
        "snr_db": 142.9444187745472
      },
      "baseline_vs_dump_trimmed": {
        "candidate_samples": 67200,
        "correlation": 0.9999961868925267,
        "cosine_similarity": 0.9999965419206919,
        "max_abs_error": 0.012786865234375,
        "mean_abs_error": 9.83242506582845e-06,
        "reference_samples": 67200,
        "rmse": 0.0001423861832117895,
        "samples_compared": 67200,
        "snr_db": 51.601327941936844
      },
      "candidate_vs_baseline_full": {
        "candidate_samples": 72000,
        "correlation": 0.999990836516999,
        "cosine_similarity": 0.9999916379723195,
        "max_abs_error": 0.0026580840349197388,
        "mean_abs_error": 0.00010733388122098283,
        "reference_samples": 72000,
        "rmse": 0.00021400268668317986,
        "samples_compared": 72000,
        "snr_db": 47.7627092947976
      },
      "candidate_vs_baseline_trimmed": {
        "candidate_samples": 67200,
        "correlation": 0.9999907744182529,
        "cosine_similarity": 0.9999916380183242,
        "max_abs_error": 0.0026580840349197388,
        "mean_abs_error": 0.0001149185459319684,
        "reference_samples": 67200,
        "rmse": 0.00022151292354752124,
        "samples_compared": 67200,
        "snr_db": 47.762733637595225
      },
      "candidate_vs_dump_full": {
        "candidate_samples": 72000,
        "correlation": 0.999990836516999,
        "cosine_similarity": 0.9999916379723195,
        "max_abs_error": 0.0026580840349197388,
        "mean_abs_error": 0.00010733388122098283,
        "reference_samples": 72000,
        "rmse": 0.00021400268668317986,
        "samples_compared": 72000,
        "snr_db": 47.7627092947976
      },
      "candidate_vs_dump_trimmed": {
        "candidate_samples": 67200,
        "correlation": 0.9999869753194309,
        "cosine_similarity": 0.999988159236392,
        "max_abs_error": 0.012828394770622253,
        "mean_abs_error": 0.0001247143573029171,
        "reference_samples": 67200,
        "rmse": 0.00026356716344564144,
        "samples_compared": 67200,
        "snr_db": 46.25285886177356
      }
    },
    "noise_compute_units": "cpuAndGPU",
    "tail_compute_units": "cpuAndGPU",
    "toolchain": {
      "coremltools": "8.3.0",
      "numpy": "1.26.4",
      "torch": "2.6.0"
    },
    "warm_predict_median_ms": {
      "baseline_decoder_pre": 3.41585447313264,
      "baseline_generator": 26.874687464442104,
      "baseline_total": 30.24158295011148,
      "candidate_body": 28.895166469737887,
      "candidate_noise": 10.35352045437321,
      "candidate_tail": 1.0629374883137643,
      "candidate_total": 40.31597898574546
    },
    "warm_predict_times_ms": {
      "baseline_decoder_pre": [
        3.2443340169265866,
        3.0977079877629876,
        3.9255829760804772,
        4.18549997266382,
        3.154583042487502,
        3.025083104148507,
        3.825124935247004,
        3.334459033794701,
        3.266165964305401,
        4.259792040102184,
        3.5068750148639083,
        3.644042066298425,
        3.212125040590763,
        4.025707952678204,
        3.497249912470579,
        2.9894160106778145,
        4.016207996755838,
        3.022707998752594,
        4.111333983018994,
        3.0506670009344816
      ],
      "baseline_generator": [
        26.746415998786688,
        27.027416974306107,
        26.914625079371035,
        26.959458948113024,
        26.829374954104424,
        26.862791972234845,
        26.86912496574223,
        26.917290990240872,
        26.86687500681728,
        26.95820899680257,
        26.936708018183708,
        26.89399989321828,
        26.778041035868227,
        26.785584050230682,
        26.734165963716805,
        26.884749997407198,
        26.86879097018391,
        26.89683297649026,
        26.848750072531402,
        26.880249963141978
      ],
      "baseline_total": [
        29.990750015713274,
        30.125124962069094,
        30.840208055451512,
        31.144958920776844,
        29.983957996591926,
        29.887875076383352,
        30.694249900989234,
        30.251750024035573,
        30.133040971122682,
        31.218001036904752,
        30.443583033047616,
        30.538041959516704,
        29.99016607645899,
        30.811292002908885,
        30.231415876187384,
        29.874166008085012,
        30.884998966939747,
        29.919540975242853,
        30.960084055550396,
        29.93091696407646
      ],
      "candidate_body": [
        28.838958009146154,
        28.949500061571598,
        28.91154191456735,
        28.835834003984928,
        28.842957923188806,
        28.94762495998293,
        28.93600007519126,
        28.825709014199674,
        28.914166963659227,
        28.609749977476895,
        28.646457940340042,
        28.88337499462068,
        28.888917062431574,
        28.895749943330884,
        28.90120807569474,
        28.89458299614489,
        29.452834045514464,
        28.86437508277595,
        28.97633402608335,
        28.936207992956042
      ],
      "candidate_noise": [
        10.364042012952268,
        10.370208066888154,
        10.31745900399983,
        10.347832925617695,
        10.283375042490661,
        10.450792033225298,
        10.31070901080966,
        10.283042094670236,
        10.30508300755173,
        10.369084076955914,
        10.320708039216697,
        10.40700008161366,
        10.559167014434934,
        10.359207983128726,
        10.407416033558547,
        10.335583006963134,
        10.335833067074418,
        10.44170802924782,
        10.44700003694743,
        10.309666977263987
      ],
      "candidate_tail": [
        1.1219580192118883,
        1.074334024451673,
        1.2211669236421585,
        1.0412080446258187,
        1.0873330757021904,
        1.1335409944877028,
        1.0472499998286366,
        1.0371250100433826,
        1.0790840024128556,
        1.0488750413060188,
        1.04825000744313,
        1.0930419666692615,
        1.0647500166669488,
        1.0161250829696655,
        1.0674159275367856,
        1.076082931831479,
        1.0267499601468444,
        1.037249923683703,
        1.0440829209983349,
        1.0611249599605799
      ],
      "candidate_total": [
        40.32495804131031,
        40.394042152911425,
        40.45016784220934,
        40.22487497422844,
        40.21366604138166,
        40.53195798769593,
        40.293959085829556,
        40.14587611891329,
        40.29833397362381,
        40.02770909573883,
        40.01541598699987,
        40.3834170429036,
        40.512834093533456,
        40.271083009429276,
        40.37604003679007,
        40.306248934939504,
        40.81541707273573,
        40.343333035707474,
        40.467416984029114,
        40.30699993018061
      ]
    },
    "warmup": 5
  },
  "body_package": "outputs/decoder_vocoder_split/3s_har_body_fp16_inputs_cos_cos_rsqrt/kokoro_decoder_vocoder_body_3s_har_body_fp16_inputs_cos_cos_rsqrt.mlpackage",
  "decoder_pre_package": "coreml/kokoro_decoder_pre_3s.mlpackage",
  "export": {
    "anchor_shape": [
      1,
      1
    ],